SET FOREIGN_KEY_CHECKS=0;

-- Dumping data for table `users`
TRUNCATE TABLE `users`;
INSERT INTO `users` (`id`, `name`, `email`, `phone`, `visits`, `is_team_member`, `status`, `email_verified_at`, `password`, `google_id`, `avatar`, `token`, `remember_token`, `created_at`, `updated_at`) VALUES ('1', 'admin', 'admin@gmail.com', NULL, '43', '1', 'Active', NULL, '$2y$12$r7EenD4FUlQ4XZsgmz.yy.w07.VzYB0GbzvZAkA9uaVmeXKqJNjfO', NULL, 'avatars/XCpYsnjkghBqVMRH0XM9ekF7jH8xwPQUry38MOQk.png', NULL, NULL, '2026-06-11 04:55:20', '2026-07-15 03:14:14');
INSERT INTO `users` (`id`, `name`, `email`, `phone`, `visits`, `is_team_member`, `status`, `email_verified_at`, `password`, `google_id`, `avatar`, `token`, `remember_token`, `created_at`, `updated_at`) VALUES ('3', 'Sarah Chen', 'sarah.chen@example.com', '+1 415 555 0142', '12', '0', 'Active', NULL, '$2y$12$RbRlaaOivqG9P2aPDPII8OSI81A0sGYNEWU/eDwfBAByA0bwHfGRu', NULL, NULL, NULL, NULL, '2026-06-11 04:55:21', '2026-06-30 08:38:35');
INSERT INTO `users` (`id`, `name`, `email`, `phone`, `visits`, `is_team_member`, `status`, `email_verified_at`, `password`, `google_id`, `avatar`, `token`, `remember_token`, `created_at`, `updated_at`) VALUES ('4', 'Marcus Lee', 'marcus.lee@example.com', '+1 415 555 0188', '4', '0', 'Active', NULL, '$2y$12$QWsxlzAcGWvAhvYLloQlguhsEX7mR4IKmk4wX5E3g6LA/ePnT6mMq', NULL, NULL, NULL, NULL, '2026-06-11 04:55:21', '2026-06-30 08:38:35');
INSERT INTO `users` (`id`, `name`, `email`, `phone`, `visits`, `is_team_member`, `status`, `email_verified_at`, `password`, `google_id`, `avatar`, `token`, `remember_token`, `created_at`, `updated_at`) VALUES ('5', 'Aisha Khan', 'aisha.khan@example.com', '+44 20 7946 0991', '7', '0', 'Active', NULL, '$2y$12$t9rxHs2U9sNmyOSKq/UO4uIc2ghanI2oYYTq7GjkjP3HzC.5MMsyO', NULL, NULL, NULL, NULL, '2026-06-11 04:55:21', '2026-06-30 08:38:35');
INSERT INTO `users` (`id`, `name`, `email`, `phone`, `visits`, `is_team_member`, `status`, `email_verified_at`, `password`, `google_id`, `avatar`, `token`, `remember_token`, `created_at`, `updated_at`) VALUES ('6', 'Daniel Park', 'daniel.park@example.com', '+82 10 4321 9988', '3', '0', 'Active', NULL, '$2y$12$idmue464J7u6DXd45Ty4qOgIyMV9R9qhxOujw6jdaETN1rTxw7guW', NULL, NULL, NULL, NULL, '2026-06-11 04:55:21', '2026-06-30 08:38:35');
INSERT INTO `users` (`id`, `name`, `email`, `phone`, `visits`, `is_team_member`, `status`, `email_verified_at`, `password`, `google_id`, `avatar`, `token`, `remember_token`, `created_at`, `updated_at`) VALUES ('7', 'Elena Rossi', 'elena.rossi@example.com', '+39 06 9876 1234', '9', '0', 'Active', NULL, '$2y$12$Lib1ELt36lzYtDH8s3Ulr.nArlM6O60DarAnUMNOuaZ6rTFTo4kwu', NULL, NULL, NULL, NULL, '2026-06-11 04:55:22', '2026-06-30 08:38:36');
INSERT INTO `users` (`id`, `name`, `email`, `phone`, `visits`, `is_team_member`, `status`, `email_verified_at`, `password`, `google_id`, `avatar`, `token`, `remember_token`, `created_at`, `updated_at`) VALUES ('8', 'John Doe', 'john.doe@example.com', '+855 12 345 678', '4', '0', 'Active', NULL, '$2y$12$q.Ftf0ODweDJwWFIEKy6qOXslzTUYPbdOfl55W07yrcFSM2BDnV0S', NULL, NULL, NULL, NULL, '2026-06-11 04:55:22', '2026-06-30 08:38:36');
INSERT INTO `users` (`id`, `name`, `email`, `phone`, `visits`, `is_team_member`, `status`, `email_verified_at`, `password`, `google_id`, `avatar`, `token`, `remember_token`, `created_at`, `updated_at`) VALUES ('9', 'Sarah Connor', 'sarah.c@example.com', '+855 98 765 432', '7', '0', 'Active', NULL, '$2y$12$hTRm1sKfzK0lGllB0ys8GeBg63e2kDjBtI3uRnXoIVQwc/MzRiRve', NULL, NULL, NULL, NULL, '2026-06-11 04:55:22', '2026-06-30 08:38:36');
INSERT INTO `users` (`id`, `name`, `email`, `phone`, `visits`, `is_team_member`, `status`, `email_verified_at`, `password`, `google_id`, `avatar`, `token`, `remember_token`, `created_at`, `updated_at`) VALUES ('10', 'Senasak', 'senasak05@gmail.com', NULL, '5', '0', 'Active', '2026-06-29 09:04:40', '$2y$12$0C2BNMEsqoF9JicWk/f3WO2iwxRlWBOZFGr6SbxCO9iUnqKXbpzI6', '102318565764823233132', 'https://lh3.googleusercontent.com/a/ACg8ocKWLfIhyKfH0CUgr26lxM0sY41ez1RYcY2ndnMVGhtLdksHAdXl=s96-c', 'eyJ0eXAiOiJKV1QiLCJhbGciOiJIUzI1NiJ9.eyJpc3MiOiJodHRwOi8vMTI3LjAuMC4xOjgwMDAvYXV0aC9nb29nbGUvY2FsbGJhY2siLCJpYXQiOjE3ODM5MzIzMzgsImV4cCI6MTc4MzkzNTkzOCwibmJmIjoxNzgzOTMyMzM4LCJqdGkiOiJvWU8xTkhveUVIcGpnWmZsIiwic3ViIjoiMTAiLCJwcnYiOiIyM2JkNWM4OTQ5ZjYwMGFkYjM5ZTcwMWM0MDA4NzJkYjdhNTk3NmY3In0.r-AX8cS9kBBtEwBVsgvVZlPks0T_Fl4zN7osaJ97wG4', 'SfGvcB7n0sUftyvDv2a6TfVpDTF1CxUdPFiEGQWqNpPCvZyEo4Co1lgqF3rL', '2026-06-11 04:57:48', '2026-07-13 08:45:38');
INSERT INTO `users` (`id`, `name`, `email`, `phone`, `visits`, `is_team_member`, `status`, `email_verified_at`, `password`, `google_id`, `avatar`, `token`, `remember_token`, `created_at`, `updated_at`) VALUES ('12', 'Xiang Hav', 'xianghav@gmail.com', NULL, '1', '0', 'Active', NULL, '$2y$12$zthr78vnbacetWe1bbH1Ie3jFMBqQQqF4gqSTWw6/EDQI3iycuM0G', '113524853930383214096', 'https://lh3.googleusercontent.com/a/ACg8ocKoa6hAgBI9E57nxrvOt5NE3tajJnR4FJ18FpUvYWZbFaTuNg=s96-c', 'eyJ0eXAiOiJKV1QiLCJhbGciOiJIUzI1NiJ9.eyJpc3MiOiJodHRwOi8vMTI3LjAuMC4xOjgwMDAvYXV0aC9nb29nbGUvY2FsbGJhY2siLCJpYXQiOjE3ODI3MDU3NzksImV4cCI6MTc4MjcwOTM3OSwibmJmIjoxNzgyNzA1Nzc5LCJqdGkiOiIwaU53UlJyWlIzQ1dxV2FuIiwic3ViIjoiMTIiLCJwcnYiOiIyM2JkNWM4OTQ5ZjYwMGFkYjM5ZTcwMWM0MDA4NzJkYjdhNTk3NmY3In0.yQrR-eka6LkP-61W-eVd_XvaHjxWUvlSikDB26wMYmc', 'GFvcQAA8Cxbp4VqYEhIaM46hGf6U12UIoDBWz5EvdY5l21GBF7oNx2ngjMYS', '2026-06-29 04:02:59', '2026-06-29 04:02:59');
INSERT INTO `users` (`id`, `name`, `email`, `phone`, `visits`, `is_team_member`, `status`, `email_verified_at`, `password`, `google_id`, `avatar`, `token`, `remember_token`, `created_at`, `updated_at`) VALUES ('13', 'Sakk02', 'senasak007@gmail.com', NULL, '2', '1', 'Active', '2026-07-08 15:02:37', '$2y$12$0LuXDVj/feR9b7bMCsFsMuR0NOwpFl74IDhTpt2/RWtS5n/ddm54G', '106938091542766601927', 'https://lh3.googleusercontent.com/a/ACg8ocLuWIEQb8O74QkAZDBGOnq-A1f8z5oeP8GnXqEm6UAEcBt79d0=s96-c', 'eyJ0eXAiOiJKV1QiLCJhbGciOiJIUzI1NiJ9.eyJpc3MiOiJodHRwOi8vMTI3LjAuMC4xOjgwMDAvYXV0aC9nb29nbGUvY2FsbGJhY2siLCJpYXQiOjE3ODM3ODQxNjYsImV4cCI6MTc4Mzc4Nzc2NiwibmJmIjoxNzgzNzg0MTY2LCJqdGkiOiJ6OTNRYnBMZkxOYUNCVlhwIiwic3ViIjoiMTMiLCJwcnYiOiIyM2JkNWM4OTQ5ZjYwMGFkYjM5ZTcwMWM0MDA4NzJkYjdhNTk3NmY3In0.nco2V55sM2G1fNBIUFLSPOL73qIjKoL8p4L9so9M-rM', 'rvlN4ZG9reTPedtJvGufvfDcHhnzZdSI4yZGuiCKxuQyr96RVKrNe2uPX4dO', '2026-06-30 09:43:47', '2026-07-11 15:36:06');
INSERT INTO `users` (`id`, `name`, `email`, `phone`, `visits`, `is_team_member`, `status`, `email_verified_at`, `password`, `google_id`, `avatar`, `token`, `remember_token`, `created_at`, `updated_at`) VALUES ('14', 'Manager', 'manager@gmail.com', NULL, '1', '1', 'Active', NULL, '$2y$12$v3B0Zelkxt7vClaMzWajQeuvoAshmDnA/znNWl7ri8cJNs/PuRljm', NULL, NULL, NULL, NULL, '2026-07-01 15:49:36', '2026-07-01 15:50:12');

-- Dumping data for table `roles`
TRUNCATE TABLE `roles`;
INSERT INTO `roles` (`id`, `name`, `guard_name`, `created_at`, `updated_at`) VALUES ('1', 'Admin', 'web', '2026-06-11 04:55:20', '2026-06-11 04:55:20');
INSERT INTO `roles` (`id`, `name`, `guard_name`, `created_at`, `updated_at`) VALUES ('2', 'Manager', 'web', '2026-06-11 04:55:21', '2026-06-11 04:55:21');
INSERT INTO `roles` (`id`, `name`, `guard_name`, `created_at`, `updated_at`) VALUES ('3', 'Staff', 'web', '2026-06-11 07:28:39', '2026-06-11 07:28:39');
INSERT INTO `roles` (`id`, `name`, `guard_name`, `created_at`, `updated_at`) VALUES ('4', 'Cashier', 'web', '2026-06-24 07:23:05', '2026-06-24 07:23:05');

-- Dumping data for table `permissions`
TRUNCATE TABLE `permissions`;
INSERT INTO `permissions` (`id`, `name`, `guard_name`, `created_at`, `updated_at`) VALUES ('13', 'view-dashboard', 'web', '2026-06-30 08:03:19', '2026-06-30 08:03:19');
INSERT INTO `permissions` (`id`, `name`, `guard_name`, `created_at`, `updated_at`) VALUES ('14', 'manage-pos', 'web', '2026-06-30 08:03:19', '2026-06-30 08:03:19');
INSERT INTO `permissions` (`id`, `name`, `guard_name`, `created_at`, `updated_at`) VALUES ('15', 'manage-products', 'web', '2026-06-30 08:03:19', '2026-06-30 08:03:19');
INSERT INTO `permissions` (`id`, `name`, `guard_name`, `created_at`, `updated_at`) VALUES ('16', 'manage-variants', 'web', '2026-06-30 08:03:19', '2026-06-30 08:03:19');
INSERT INTO `permissions` (`id`, `name`, `guard_name`, `created_at`, `updated_at`) VALUES ('17', 'manage-inventory', 'web', '2026-06-30 08:03:19', '2026-06-30 08:03:19');
INSERT INTO `permissions` (`id`, `name`, `guard_name`, `created_at`, `updated_at`) VALUES ('18', 'manage-orders', 'web', '2026-06-30 08:03:19', '2026-06-30 08:03:19');
INSERT INTO `permissions` (`id`, `name`, `guard_name`, `created_at`, `updated_at`) VALUES ('19', 'manage-payments', 'web', '2026-06-30 08:03:19', '2026-06-30 08:03:19');
INSERT INTO `permissions` (`id`, `name`, `guard_name`, `created_at`, `updated_at`) VALUES ('20', 'manage-customers', 'web', '2026-06-30 08:03:19', '2026-06-30 08:03:19');
INSERT INTO `permissions` (`id`, `name`, `guard_name`, `created_at`, `updated_at`) VALUES ('21', 'manage-staff', 'web', '2026-06-30 08:03:19', '2026-06-30 08:03:19');
INSERT INTO `permissions` (`id`, `name`, `guard_name`, `created_at`, `updated_at`) VALUES ('22', 'manage-roles', 'web', '2026-06-30 08:03:19', '2026-06-30 08:03:19');
INSERT INTO `permissions` (`id`, `name`, `guard_name`, `created_at`, `updated_at`) VALUES ('23', 'view-notifications', 'web', '2026-06-30 08:03:19', '2026-06-30 08:03:19');
INSERT INTO `permissions` (`id`, `name`, `guard_name`, `created_at`, `updated_at`) VALUES ('24', 'view-reports', 'web', '2026-06-30 08:03:19', '2026-06-30 08:03:19');
INSERT INTO `permissions` (`id`, `name`, `guard_name`, `created_at`, `updated_at`) VALUES ('25', 'manage-settings', 'web', '2026-06-30 08:03:19', '2026-06-30 08:03:19');

-- Dumping data for table `model_has_roles`
TRUNCATE TABLE `model_has_roles`;
INSERT INTO `model_has_roles` (`role_id`, `model_type`, `model_id`) VALUES ('1', 'App\\Models\\User', '1');
INSERT INTO `model_has_roles` (`role_id`, `model_type`, `model_id`) VALUES ('2', 'App\\Models\\User', '14');
INSERT INTO `model_has_roles` (`role_id`, `model_type`, `model_id`) VALUES ('3', 'App\\Models\\User', '13');

-- Dumping data for table `model_has_permissions`
TRUNCATE TABLE `model_has_permissions`;

-- Dumping data for table `role_has_permissions`
TRUNCATE TABLE `role_has_permissions`;
INSERT INTO `role_has_permissions` (`permission_id`, `role_id`) VALUES ('13', '1');
INSERT INTO `role_has_permissions` (`permission_id`, `role_id`) VALUES ('13', '2');
INSERT INTO `role_has_permissions` (`permission_id`, `role_id`) VALUES ('14', '1');
INSERT INTO `role_has_permissions` (`permission_id`, `role_id`) VALUES ('14', '2');
INSERT INTO `role_has_permissions` (`permission_id`, `role_id`) VALUES ('14', '3');
INSERT INTO `role_has_permissions` (`permission_id`, `role_id`) VALUES ('15', '1');
INSERT INTO `role_has_permissions` (`permission_id`, `role_id`) VALUES ('15', '2');
INSERT INTO `role_has_permissions` (`permission_id`, `role_id`) VALUES ('16', '1');
INSERT INTO `role_has_permissions` (`permission_id`, `role_id`) VALUES ('16', '2');
INSERT INTO `role_has_permissions` (`permission_id`, `role_id`) VALUES ('17', '1');
INSERT INTO `role_has_permissions` (`permission_id`, `role_id`) VALUES ('17', '2');
INSERT INTO `role_has_permissions` (`permission_id`, `role_id`) VALUES ('18', '1');
INSERT INTO `role_has_permissions` (`permission_id`, `role_id`) VALUES ('18', '2');
INSERT INTO `role_has_permissions` (`permission_id`, `role_id`) VALUES ('18', '3');
INSERT INTO `role_has_permissions` (`permission_id`, `role_id`) VALUES ('19', '1');
INSERT INTO `role_has_permissions` (`permission_id`, `role_id`) VALUES ('19', '2');
INSERT INTO `role_has_permissions` (`permission_id`, `role_id`) VALUES ('19', '3');
INSERT INTO `role_has_permissions` (`permission_id`, `role_id`) VALUES ('20', '1');
INSERT INTO `role_has_permissions` (`permission_id`, `role_id`) VALUES ('20', '2');
INSERT INTO `role_has_permissions` (`permission_id`, `role_id`) VALUES ('21', '1');
INSERT INTO `role_has_permissions` (`permission_id`, `role_id`) VALUES ('22', '1');
INSERT INTO `role_has_permissions` (`permission_id`, `role_id`) VALUES ('23', '1');
INSERT INTO `role_has_permissions` (`permission_id`, `role_id`) VALUES ('23', '2');
INSERT INTO `role_has_permissions` (`permission_id`, `role_id`) VALUES ('23', '3');
INSERT INTO `role_has_permissions` (`permission_id`, `role_id`) VALUES ('24', '1');
INSERT INTO `role_has_permissions` (`permission_id`, `role_id`) VALUES ('24', '2');
INSERT INTO `role_has_permissions` (`permission_id`, `role_id`) VALUES ('25', '1');

-- Dumping data for table `categories`
TRUNCATE TABLE `categories`;
INSERT INTO `categories` (`id`, `name`, `view_order`, `created_at`, `updated_at`) VALUES ('6', 'Men', '1', '2026-07-10 16:23:16', '2026-07-10 16:23:16');
INSERT INTO `categories` (`id`, `name`, `view_order`, `created_at`, `updated_at`) VALUES ('7', 'Women', '2', '2026-07-10 16:23:20', '2026-07-10 16:23:20');
INSERT INTO `categories` (`id`, `name`, `view_order`, `created_at`, `updated_at`) VALUES ('8', 'Unisex', '3', '2026-07-10 16:23:25', '2026-07-10 16:23:25');
INSERT INTO `categories` (`id`, `name`, `view_order`, `created_at`, `updated_at`) VALUES ('9', 'Sport', '4', '2026-07-10 16:23:49', '2026-07-10 16:23:49');

-- Dumping data for table `brands`
TRUNCATE TABLE `brands`;
INSERT INTO `brands` (`id`, `name`, `view_order`, `created_at`, `updated_at`) VALUES ('1', 'Nike', '1', '2026-06-11 04:55:22', '2026-06-11 04:55:22');
INSERT INTO `brands` (`id`, `name`, `view_order`, `created_at`, `updated_at`) VALUES ('2', 'Adidas', '2', '2026-06-11 04:55:22', '2026-06-11 04:55:22');
INSERT INTO `brands` (`id`, `name`, `view_order`, `created_at`, `updated_at`) VALUES ('3', 'Puma', '3', '2026-06-11 04:55:22', '2026-06-11 04:55:22');

-- Dumping data for table `catalog_attributes`
TRUNCATE TABLE `catalog_attributes`;
INSERT INTO `catalog_attributes` (`id`, `type`, `category_id`, `name`, `parent_name`, `value`, `view_order`, `created_at`, `updated_at`) VALUES ('1', 'sub_category', '9', 'Running', 'Sports', NULL, '1', '2026-06-11 04:55:22', '2026-07-10 16:33:01');
INSERT INTO `catalog_attributes` (`id`, `type`, `category_id`, `name`, `parent_name`, `value`, `view_order`, `created_at`, `updated_at`) VALUES ('2', 'sub_category', '6', 'Sneakers', 'Sports', NULL, '2', '2026-06-11 04:55:22', '2026-07-10 16:32:48');
INSERT INTO `catalog_attributes` (`id`, `type`, `category_id`, `name`, `parent_name`, `value`, `view_order`, `created_at`, `updated_at`) VALUES ('3', 'sub_category', '9', 'Boots', 'Sports', NULL, '3', '2026-06-11 04:55:22', '2026-07-10 16:32:48');
INSERT INTO `catalog_attributes` (`id`, `type`, `category_id`, `name`, `parent_name`, `value`, `view_order`, `created_at`, `updated_at`) VALUES ('4', 'color', NULL, 'Black', NULL, '#111111', '1', '2026-06-11 04:55:22', '2026-06-11 04:55:22');
INSERT INTO `catalog_attributes` (`id`, `type`, `category_id`, `name`, `parent_name`, `value`, `view_order`, `created_at`, `updated_at`) VALUES ('5', 'color', NULL, 'White', NULL, '#ffffff', '2', '2026-06-11 04:55:22', '2026-06-11 04:55:22');
INSERT INTO `catalog_attributes` (`id`, `type`, `category_id`, `name`, `parent_name`, `value`, `view_order`, `created_at`, `updated_at`) VALUES ('6', 'color', NULL, 'Red', NULL, '#ef4444', '3', '2026-06-11 04:55:22', '2026-06-11 04:55:22');
INSERT INTO `catalog_attributes` (`id`, `type`, `category_id`, `name`, `parent_name`, `value`, `view_order`, `created_at`, `updated_at`) VALUES ('7', 'size', NULL, '38', NULL, NULL, '1', '2026-06-11 04:55:22', '2026-06-11 04:55:22');
INSERT INTO `catalog_attributes` (`id`, `type`, `category_id`, `name`, `parent_name`, `value`, `view_order`, `created_at`, `updated_at`) VALUES ('8', 'size', NULL, '39', NULL, NULL, '2', '2026-06-11 04:55:22', '2026-06-11 04:55:22');
INSERT INTO `catalog_attributes` (`id`, `type`, `category_id`, `name`, `parent_name`, `value`, `view_order`, `created_at`, `updated_at`) VALUES ('9', 'size', NULL, '40', NULL, NULL, '3', '2026-06-11 04:55:22', '2026-06-11 04:55:22');
INSERT INTO `catalog_attributes` (`id`, `type`, `category_id`, `name`, `parent_name`, `value`, `view_order`, `created_at`, `updated_at`) VALUES ('10', 'size', NULL, '41', NULL, NULL, '4', '2026-06-11 04:55:22', '2026-06-11 04:55:22');
INSERT INTO `catalog_attributes` (`id`, `type`, `category_id`, `name`, `parent_name`, `value`, `view_order`, `created_at`, `updated_at`) VALUES ('11', 'size', NULL, '42', NULL, NULL, '5', '2026-06-11 04:55:22', '2026-06-11 04:55:22');
INSERT INTO `catalog_attributes` (`id`, `type`, `category_id`, `name`, `parent_name`, `value`, `view_order`, `created_at`, `updated_at`) VALUES ('12', 'color', NULL, 'Pink', NULL, '#10b981', '4', '2026-07-04 09:30:46', '2026-07-04 09:30:46');

-- Dumping data for table `products`
TRUNCATE TABLE `products`;
INSERT INTO `products` (`id`, `category_id`, `sub_category_id`, `color_id`, `brand_id`, `size_id`, `name`, `description`, `price`, `stock`, `low_stock_threshold`, `low_stock_alert_enabled`, `last_low_stock_alert_at`, `image`, `created_at`, `updated_at`) VALUES ('43', '9', '1', '5', '1', '10', 'Nike Air Zoom', 'Premium responsive running shoes.', '120.00', '15', '5', '1', NULL, 'products/1782965339_Nike_Air.jpeg', '2026-07-10 16:33:34', '2026-07-13 10:23:25');
INSERT INTO `products` (`id`, `category_id`, `sub_category_id`, `color_id`, `brand_id`, `size_id`, `name`, `description`, `price`, `stock`, `low_stock_threshold`, `low_stock_alert_enabled`, `last_low_stock_alert_at`, `image`, `created_at`, `updated_at`) VALUES ('44', '6', '2', '5', '1', '11', 'Nike Air Force 1', 'Classic streetwear silhouette.', '110.00', '20', '5', '1', NULL, 'products/1783062947_Air_Force_One_White_Nike_Shoes_PNG_Pic.png', '2026-07-10 16:33:34', '2026-07-10 16:33:34');
INSERT INTO `products` (`id`, `category_id`, `sub_category_id`, `color_id`, `brand_id`, `size_id`, `name`, `description`, `price`, `stock`, `low_stock_threshold`, `low_stock_alert_enabled`, `last_low_stock_alert_at`, `image`, `created_at`, `updated_at`) VALUES ('45', '9', '1', '4', '1', '9', 'Nike Air Pegasus', 'Everyday training companion.', '130.00', '12', '5', '1', NULL, 'products/1783063130_Nike_Pegasus.webp', '2026-07-10 16:33:34', '2026-07-10 16:33:34');
INSERT INTO `products` (`id`, `category_id`, `sub_category_id`, `color_id`, `brand_id`, `size_id`, `name`, `description`, `price`, `stock`, `low_stock_threshold`, `low_stock_alert_enabled`, `last_low_stock_alert_at`, `image`, `created_at`, `updated_at`) VALUES ('46', '6', '2', '6', '1', '8', 'Nike Air Max', 'Unmatched comfort and style.', '0.01', '1', '5', '1', NULL, 'products/1783063573_Nike_Air_Max.webp', '2026-07-10 16:33:34', '2026-07-14 16:24:56');
INSERT INTO `products` (`id`, `category_id`, `sub_category_id`, `color_id`, `brand_id`, `size_id`, `name`, `description`, `price`, `stock`, `low_stock_threshold`, `low_stock_alert_enabled`, `last_low_stock_alert_at`, `image`, `created_at`, `updated_at`) VALUES ('47', '9', '3', '4', '1', '11', 'Nike Lebron 20', 'Elite performance basketball sneakers.', '200.00', '10', '5', '1', NULL, 'products/1783063663_Nike_Lebron.png', '2026-07-10 16:33:34', '2026-07-10 16:33:34');
INSERT INTO `products` (`id`, `category_id`, `sub_category_id`, `color_id`, `brand_id`, `size_id`, `name`, `description`, `price`, `stock`, `low_stock_threshold`, `low_stock_alert_enabled`, `last_low_stock_alert_at`, `image`, `created_at`, `updated_at`) VALUES ('48', '9', '1', '5', '1', '10', 'Nike Alpha Fly', 'Record-breaking marathon racing shoes.', '0.02', '4', '5', '1', '2026-07-13 10:25:59', 'products/1783066315_Nike_Alpha_Fly.webp', '2026-07-10 16:33:34', '2026-07-13 10:25:58');
INSERT INTO `products` (`id`, `category_id`, `sub_category_id`, `color_id`, `brand_id`, `size_id`, `name`, `description`, `price`, `stock`, `low_stock_threshold`, `low_stock_alert_enabled`, `last_low_stock_alert_at`, `image`, `created_at`, `updated_at`) VALUES ('49', '6', '1', '5', '2', '9', 'Adidas Ultraboost', 'Boost midsole energy return.', '180.00', '10', '5', '1', NULL, 'products/1COA6NKmVhXV0QrsG5mvG5UempcZYC2LNKIDAHRw.jpg', '2026-07-10 16:33:34', '2026-07-12 15:37:46');
INSERT INTO `products` (`id`, `category_id`, `sub_category_id`, `color_id`, `brand_id`, `size_id`, `name`, `description`, `price`, `stock`, `low_stock_threshold`, `low_stock_alert_enabled`, `last_low_stock_alert_at`, `image`, `created_at`, `updated_at`) VALUES ('50', '9', '1', '6', '1', '10', 'Nike Aero Runner', 'High speed training sneaker.', '39.99', '11', '5', '1', NULL, 'products/AOFCGwnDWLDn8Laz515UmY2jxzt2dUDskicnd4Wv.jpg', '2026-07-10 16:33:34', '2026-07-10 16:33:34');
INSERT INTO `products` (`id`, `category_id`, `sub_category_id`, `color_id`, `brand_id`, `size_id`, `name`, `description`, `price`, `stock`, `low_stock_threshold`, `low_stock_alert_enabled`, `last_low_stock_alert_at`, `image`, `created_at`, `updated_at`) VALUES ('51', '7', '2', '4', '2', '7', 'Adidas NMD', 'Sporty lifestyle sneaker.', '0.01', '4', '5', '1', '2026-07-13 08:53:42', 'products/BGVC22tUgfcRtUlrP69ZAWIwu3G5AK8k2U8Agi2Q.jpg', '2026-07-10 16:33:34', '2026-07-13 08:53:40');
INSERT INTO `products` (`id`, `category_id`, `sub_category_id`, `color_id`, `brand_id`, `size_id`, `name`, `description`, `price`, `stock`, `low_stock_threshold`, `low_stock_alert_enabled`, `last_low_stock_alert_at`, `image`, `created_at`, `updated_at`) VALUES ('52', '7', '1', '5', '2', '8', 'Adidas Swift Run', 'Lightweight everyday runner.', '0.02', '21', '5', '1', NULL, 'products/CLOsRPWAUPFrdtZWCPA9xd3I0VcM4Iwkjm1Li3B0.jpg', '2026-07-10 16:33:34', '2026-07-13 10:25:57');
INSERT INTO `products` (`id`, `category_id`, `sub_category_id`, `color_id`, `brand_id`, `size_id`, `name`, `description`, `price`, `stock`, `low_stock_threshold`, `low_stock_alert_enabled`, `last_low_stock_alert_at`, `image`, `created_at`, `updated_at`) VALUES ('53', '8', '2', '4', '3', '9', 'Puma RS-X', 'Futuristic retro runner.', '110.00', '18', '5', '1', NULL, 'products/JMatFO9d7ChFwfdH9CK65eN6sJrFxC30SE9VOiyA.jpg', '2026-07-10 16:33:34', '2026-07-10 16:33:34');
INSERT INTO `products` (`id`, `category_id`, `sub_category_id`, `color_id`, `brand_id`, `size_id`, `name`, `description`, `price`, `stock`, `low_stock_threshold`, `low_stock_alert_enabled`, `last_low_stock_alert_at`, `image`, `created_at`, `updated_at`) VALUES ('54', '6', '2', '5', '1', '10', 'Nike Court Vision', 'Hardwood inspiration sneaker.', '75.00', '28', '5', '1', NULL, 'products/XlnamR5ByuEacCM6WUqNFF3dWfgRaMVriARO0E35.jpg', '2026-07-10 16:33:34', '2026-07-12 15:37:46');
INSERT INTO `products` (`id`, `category_id`, `sub_category_id`, `color_id`, `brand_id`, `size_id`, `name`, `description`, `price`, `stock`, `low_stock_threshold`, `low_stock_alert_enabled`, `last_low_stock_alert_at`, `image`, `created_at`, `updated_at`) VALUES ('55', '8', '2', '12', '3', '8', 'Puma Future Rider', 'Colorful casual style shoe.', '90.00', '15', '5', '1', NULL, 'products/iQCbHOWJ0tbBR3HPEG8Lu3NNjAwniW534a2bw60I.jpg', '2026-07-10 16:33:34', '2026-07-10 16:33:34');
INSERT INTO `products` (`id`, `category_id`, `sub_category_id`, `color_id`, `brand_id`, `size_id`, `name`, `description`, `price`, `stock`, `low_stock_threshold`, `low_stock_alert_enabled`, `last_low_stock_alert_at`, `image`, `created_at`, `updated_at`) VALUES ('56', '6', '2', '4', '3', '10', 'Puma Clyde', 'Classic leather basketball sneaker.', '80.00', '20', '5', '1', NULL, 'products/t6Kw1bjNrvKoaGJsK8w7t3iDv6u9rpEp88UcCQwM.jpg', '2026-07-10 16:33:34', '2026-07-14 16:24:56');
INSERT INTO `products` (`id`, `category_id`, `sub_category_id`, `color_id`, `brand_id`, `size_id`, `name`, `description`, `price`, `stock`, `low_stock_threshold`, `low_stock_alert_enabled`, `last_low_stock_alert_at`, `image`, `created_at`, `updated_at`) VALUES ('57', '9', '1', '6', '1', '8', 'Nike Air Zoom', 'Premium responsive running shoes.', '19.00', '13', '5', '1', NULL, NULL, '2026-07-13 10:20:45', '2026-07-13 10:23:25');
INSERT INTO `products` (`id`, `category_id`, `sub_category_id`, `color_id`, `brand_id`, `size_id`, `name`, `description`, `price`, `stock`, `low_stock_threshold`, `low_stock_alert_enabled`, `last_low_stock_alert_at`, `image`, `created_at`, `updated_at`) VALUES ('58', '6', '2', '6', '1', '11', 'Nike Air Force 1', 'Classic streetwear silhouette.', '110.00', '10', '5', '1', NULL, NULL, '2026-07-13 10:22:23', '2026-07-13 10:22:23');

-- Dumping data for table `orders`
TRUNCATE TABLE `orders`;
INSERT INTO `orders` (`id`, `order_number`, `customer_name`, `customer_email`, `customer_phone`, `subtotal`, `tax`, `total_amount`, `payment_method`, `payment_status`, `cash_received`, `change_amount`, `created_at`, `updated_at`) VALUES ('1', 'TP-918273', 'Walk-in Customer', 'walkin@example.com', NULL, '39.99', '3.20', '43.19', 'cash', 'Paid', '50.00', '6.81', '2026-06-11 04:55:22', '2026-06-11 04:55:22');
INSERT INTO `orders` (`id`, `order_number`, `customer_name`, `customer_email`, `customer_phone`, `subtotal`, `tax`, `total_amount`, `payment_method`, `payment_status`, `cash_received`, `change_amount`, `created_at`, `updated_at`) VALUES ('2', 'TP-827364', 'John Doe', 'john.doe@example.com', '+85512345678', '54.00', '4.32', '58.32', 'card', 'Paid', '58.32', '0.00', '2026-06-11 04:55:22', '2026-06-11 04:55:22');
INSERT INTO `orders` (`id`, `order_number`, `customer_name`, `customer_email`, `customer_phone`, `subtotal`, `tax`, `total_amount`, `payment_method`, `payment_status`, `cash_received`, `change_amount`, `created_at`, `updated_at`) VALUES ('3', 'TP-182746', 'Sarah Connor', 'sarah.c@example.com', '+85598765432', '14.00', '1.12', '15.12', 'qr', 'Paid', '15.12', '0.00', '2026-06-11 04:55:22', '2026-06-11 04:55:22');
INSERT INTO `orders` (`id`, `order_number`, `customer_name`, `customer_email`, `customer_phone`, `subtotal`, `tax`, `total_amount`, `payment_method`, `payment_status`, `cash_received`, `change_amount`, `created_at`, `updated_at`) VALUES ('4', 'TP-SC0001', 'Sarah Chen', 'sarah.chen@example.com', '+1 415 555 0142', '1700.00', '140.00', '1840.00', 'card', 'Paid', NULL, NULL, '2026-06-11 04:55:22', '2026-06-11 04:55:22');
INSERT INTO `orders` (`id`, `order_number`, `customer_name`, `customer_email`, `customer_phone`, `subtotal`, `tax`, `total_amount`, `payment_method`, `payment_status`, `cash_received`, `change_amount`, `created_at`, `updated_at`) VALUES ('5', 'TP-ML0001', 'Marcus Lee', 'marcus.lee@example.com', '+1 415 555 0188', '420.00', '42.00', '462.00', 'cash', 'Paid', NULL, NULL, '2026-06-11 04:55:22', '2026-06-11 04:55:22');
INSERT INTO `orders` (`id`, `order_number`, `customer_name`, `customer_email`, `customer_phone`, `subtotal`, `tax`, `total_amount`, `payment_method`, `payment_status`, `cash_received`, `change_amount`, `created_at`, `updated_at`) VALUES ('6', 'TP-AK0001', 'Aisha Khan', 'aisha.khan@example.com', '+44 20 7946 0991', '1200.00', '90.00', '1290.00', 'qr', 'Paid', NULL, NULL, '2026-06-11 04:55:22', '2026-06-11 04:55:22');
INSERT INTO `orders` (`id`, `order_number`, `customer_name`, `customer_email`, `customer_phone`, `subtotal`, `tax`, `total_amount`, `payment_method`, `payment_status`, `cash_received`, `change_amount`, `created_at`, `updated_at`) VALUES ('7', 'TP-DP0001', 'Daniel Park', 'daniel.park@example.com', '+82 10 4321 9988', '500.00', '40.00', '540.00', 'card', 'Paid', NULL, NULL, '2026-06-11 04:55:22', '2026-06-11 04:55:22');
INSERT INTO `orders` (`id`, `order_number`, `customer_name`, `customer_email`, `customer_phone`, `subtotal`, `tax`, `total_amount`, `payment_method`, `payment_status`, `cash_received`, `change_amount`, `created_at`, `updated_at`) VALUES ('8', 'TP-ER0001', 'Elena Rossi', 'elena.rossi@example.com', '+39 06 9876 1234', '1000.00', '105.00', '1105.00', 'cash', 'Paid', NULL, NULL, '2026-06-11 04:55:22', '2026-06-11 04:55:22');
INSERT INTO `orders` (`id`, `order_number`, `customer_name`, `customer_email`, `customer_phone`, `subtotal`, `tax`, `total_amount`, `payment_method`, `payment_status`, `cash_received`, `change_amount`, `created_at`, `updated_at`) VALUES ('9', 'TP-280448', 'Walk-in Customer', NULL, NULL, '0.01', '0.00', '0.01', 'qr', 'Paid', '0.01', '0.00', '2026-06-24 02:46:54', '2026-06-24 02:46:54');
INSERT INTO `orders` (`id`, `order_number`, `customer_name`, `customer_email`, `customer_phone`, `subtotal`, `tax`, `total_amount`, `payment_method`, `payment_status`, `cash_received`, `change_amount`, `created_at`, `updated_at`) VALUES ('10', 'TP-885122', 'Walk-in Customer', NULL, NULL, '0.01', '0.00', '0.01', 'qr', 'Paid', '0.01', '0.00', '2026-06-24 06:53:47', '2026-06-24 06:53:47');
INSERT INTO `orders` (`id`, `order_number`, `customer_name`, `customer_email`, `customer_phone`, `subtotal`, `tax`, `total_amount`, `payment_method`, `payment_status`, `cash_received`, `change_amount`, `created_at`, `updated_at`) VALUES ('11', 'TP-226997', 'Walk-in Customer', NULL, NULL, '0.01', '0.00', '0.01', 'qr', 'Paid', '0.01', '0.00', '2026-06-24 07:41:13', '2026-06-24 07:41:13');
INSERT INTO `orders` (`id`, `order_number`, `customer_name`, `customer_email`, `customer_phone`, `subtotal`, `tax`, `total_amount`, `payment_method`, `payment_status`, `cash_received`, `change_amount`, `created_at`, `updated_at`) VALUES ('12', 'TP-914952', 'Walk-in Customer', NULL, NULL, '0.02', '0.00', '0.02', 'qr', 'Paid', '0.02', '0.00', '2026-06-24 07:42:25', '2026-06-24 07:42:25');
INSERT INTO `orders` (`id`, `order_number`, `customer_name`, `customer_email`, `customer_phone`, `subtotal`, `tax`, `total_amount`, `payment_method`, `payment_status`, `cash_received`, `change_amount`, `created_at`, `updated_at`) VALUES ('13', 'TP-340854', 'Walk-in Customer', NULL, NULL, '0.02', '0.00', '0.02', 'qr', 'Paid', '0.02', '0.00', '2026-06-24 07:45:41', '2026-06-24 07:45:41');
INSERT INTO `orders` (`id`, `order_number`, `customer_name`, `customer_email`, `customer_phone`, `subtotal`, `tax`, `total_amount`, `payment_method`, `payment_status`, `cash_received`, `change_amount`, `created_at`, `updated_at`) VALUES ('14', 'TP-442058', 'Walk-in Customer', NULL, NULL, '0.01', '0.00', '0.01', 'qr', 'Paid', '0.01', '0.00', '2026-06-24 08:32:37', '2026-06-24 08:32:37');
INSERT INTO `orders` (`id`, `order_number`, `customer_name`, `customer_email`, `customer_phone`, `subtotal`, `tax`, `total_amount`, `payment_method`, `payment_status`, `cash_received`, `change_amount`, `created_at`, `updated_at`) VALUES ('15', 'TP-107686', 'Walk-in Customer', NULL, NULL, '0.01', '0.00', '0.01', 'qr', 'Paid', '0.01', '0.00', '2026-06-24 08:47:18', '2026-06-24 08:47:18');
INSERT INTO `orders` (`id`, `order_number`, `customer_name`, `customer_email`, `customer_phone`, `subtotal`, `tax`, `total_amount`, `payment_method`, `payment_status`, `cash_received`, `change_amount`, `created_at`, `updated_at`) VALUES ('16', 'TP-592779', 'Walk-in Customer', NULL, NULL, '0.02', '0.00', '0.02', 'qr', 'Paid', '0.02', '0.00', '2026-06-25 04:37:44', '2026-06-25 04:37:44');
INSERT INTO `orders` (`id`, `order_number`, `customer_name`, `customer_email`, `customer_phone`, `subtotal`, `tax`, `total_amount`, `payment_method`, `payment_status`, `cash_received`, `change_amount`, `created_at`, `updated_at`) VALUES ('17', 'TP-319434', 'Walk-in Customer', NULL, NULL, '0.01', '0.00', '0.01', 'qr', 'Paid', '0.01', '0.00', '2026-06-25 04:38:37', '2026-06-25 04:38:37');
INSERT INTO `orders` (`id`, `order_number`, `customer_name`, `customer_email`, `customer_phone`, `subtotal`, `tax`, `total_amount`, `payment_method`, `payment_status`, `cash_received`, `change_amount`, `created_at`, `updated_at`) VALUES ('18', 'TP-202353', 'Walk-in Customer', NULL, NULL, '0.01', '0.00', '0.01', 'qr', 'Paid', '0.01', '0.00', '2026-06-25 07:36:22', '2026-06-25 07:37:00');
INSERT INTO `orders` (`id`, `order_number`, `customer_name`, `customer_email`, `customer_phone`, `subtotal`, `tax`, `total_amount`, `payment_method`, `payment_status`, `cash_received`, `change_amount`, `created_at`, `updated_at`) VALUES ('19', 'TP-136941', 'Walk-in Customer', NULL, NULL, '0.07', '0.01', '0.08', 'qr', 'Paid', '0.08', '0.00', '2026-06-25 07:37:39', '2026-06-25 07:37:56');
INSERT INTO `orders` (`id`, `order_number`, `customer_name`, `customer_email`, `customer_phone`, `subtotal`, `tax`, `total_amount`, `payment_method`, `payment_status`, `cash_received`, `change_amount`, `created_at`, `updated_at`) VALUES ('20', 'TP-147382', 'Walk-in Customer', NULL, NULL, '0.01', '0.00', '0.01', 'qr', 'Pending', '0.01', '0.00', '2026-06-30 06:25:40', '2026-06-30 06:25:40');
INSERT INTO `orders` (`id`, `order_number`, `customer_name`, `customer_email`, `customer_phone`, `subtotal`, `tax`, `total_amount`, `payment_method`, `payment_status`, `cash_received`, `change_amount`, `created_at`, `updated_at`) VALUES ('21', 'TP-697654', 'Walk-in Customer', NULL, NULL, '0.01', '0.00', '0.01', 'qr', 'Pending', '0.01', '0.00', '2026-06-30 06:26:33', '2026-06-30 06:26:33');
INSERT INTO `orders` (`id`, `order_number`, `customer_name`, `customer_email`, `customer_phone`, `subtotal`, `tax`, `total_amount`, `payment_method`, `payment_status`, `cash_received`, `change_amount`, `created_at`, `updated_at`) VALUES ('22', 'TP-374097', 'Walk-in Customer', NULL, NULL, '0.01', '0.00', '0.01', 'qr', 'Pending', '0.01', '0.00', '2026-06-30 06:34:55', '2026-06-30 06:34:55');
INSERT INTO `orders` (`id`, `order_number`, `customer_name`, `customer_email`, `customer_phone`, `subtotal`, `tax`, `total_amount`, `payment_method`, `payment_status`, `cash_received`, `change_amount`, `created_at`, `updated_at`) VALUES ('23', 'TP-107600', 'Walk-in Customer', NULL, NULL, '0.01', '0.00', '0.01', 'qr', 'Pending', '0.01', '0.00', '2026-06-30 06:42:41', '2026-06-30 06:42:41');
INSERT INTO `orders` (`id`, `order_number`, `customer_name`, `customer_email`, `customer_phone`, `subtotal`, `tax`, `total_amount`, `payment_method`, `payment_status`, `cash_received`, `change_amount`, `created_at`, `updated_at`) VALUES ('24', 'TP-362705', 'Walk-in Customer', NULL, NULL, '0.01', '0.00', '0.01', 'qr', 'Cancelled', '0.01', '0.00', '2026-06-30 07:08:04', '2026-06-30 07:18:04');
INSERT INTO `orders` (`id`, `order_number`, `customer_name`, `customer_email`, `customer_phone`, `subtotal`, `tax`, `total_amount`, `payment_method`, `payment_status`, `cash_received`, `change_amount`, `created_at`, `updated_at`) VALUES ('25', 'TP-896574', 'Walk-in Customer', NULL, NULL, '0.01', '0.00', '0.01', 'qr', 'Paid', '0.01', '0.00', '2026-06-30 07:24:39', '2026-06-30 07:25:02');
INSERT INTO `orders` (`id`, `order_number`, `customer_name`, `customer_email`, `customer_phone`, `subtotal`, `tax`, `total_amount`, `payment_method`, `payment_status`, `cash_received`, `change_amount`, `created_at`, `updated_at`) VALUES ('26', 'TP-461279', 'Walk-in Customer', NULL, NULL, '0.02', '0.00', '0.02', 'qr', 'Paid', '0.02', '0.00', '2026-07-03 06:39:03', '2026-07-03 06:39:26');
INSERT INTO `orders` (`id`, `order_number`, `customer_name`, `customer_email`, `customer_phone`, `subtotal`, `tax`, `total_amount`, `payment_method`, `payment_status`, `cash_received`, `change_amount`, `created_at`, `updated_at`) VALUES ('27', 'TP-229822', 'Walk-in Customer', NULL, NULL, '0.03', '0.00', '0.03', 'qr', 'Paid', '0.03', '0.00', '2026-07-03 06:46:05', '2026-07-03 06:46:21');
INSERT INTO `orders` (`id`, `order_number`, `customer_name`, `customer_email`, `customer_phone`, `subtotal`, `tax`, `total_amount`, `payment_method`, `payment_status`, `cash_received`, `change_amount`, `created_at`, `updated_at`) VALUES ('28', 'TP-959988', 'Walk-in Customer', NULL, NULL, '0.06', '0.00', '0.06', 'qr', 'Paid', '0.06', '0.00', '2026-07-03 06:50:39', '2026-07-03 06:50:53');
INSERT INTO `orders` (`id`, `order_number`, `customer_name`, `customer_email`, `customer_phone`, `subtotal`, `tax`, `total_amount`, `payment_method`, `payment_status`, `cash_received`, `change_amount`, `created_at`, `updated_at`) VALUES ('29', 'TP-195379', 'Walk-in Customer', NULL, NULL, '0.06', '0.00', '0.06', 'qr', 'Pending', '0.06', '0.00', '2026-07-03 06:53:53', '2026-07-03 06:53:53');
INSERT INTO `orders` (`id`, `order_number`, `customer_name`, `customer_email`, `customer_phone`, `subtotal`, `tax`, `total_amount`, `payment_method`, `payment_status`, `cash_received`, `change_amount`, `created_at`, `updated_at`) VALUES ('30', 'TP-190708', 'Walk-in Customer', NULL, NULL, '0.07', '0.01', '0.08', 'qr', 'Paid', '0.08', '0.00', '2026-07-03 06:57:57', '2026-07-03 06:58:14');
INSERT INTO `orders` (`id`, `order_number`, `customer_name`, `customer_email`, `customer_phone`, `subtotal`, `tax`, `total_amount`, `payment_method`, `payment_status`, `cash_received`, `change_amount`, `created_at`, `updated_at`) VALUES ('31', 'TP-481096', 'Walk-in Customer', NULL, NULL, '0.37', '0.03', '0.40', 'qr', 'Pending', '0.40', '0.00', '2026-07-03 07:10:29', '2026-07-03 07:10:29');
INSERT INTO `orders` (`id`, `order_number`, `customer_name`, `customer_email`, `customer_phone`, `subtotal`, `tax`, `total_amount`, `payment_method`, `payment_status`, `cash_received`, `change_amount`, `created_at`, `updated_at`) VALUES ('32', 'TP-373721', 'Walk-in Customer', NULL, NULL, '0.29', '0.02', '0.31', 'qr', 'Pending', '0.31', '0.00', '2026-07-03 07:10:42', '2026-07-03 07:10:42');
INSERT INTO `orders` (`id`, `order_number`, `customer_name`, `customer_email`, `customer_phone`, `subtotal`, `tax`, `total_amount`, `payment_method`, `payment_status`, `cash_received`, `change_amount`, `created_at`, `updated_at`) VALUES ('33', 'TP-123168', 'Walk-in Customer', NULL, NULL, '0.16', '0.01', '0.17', 'qr', 'Paid', '0.17', '0.00', '2026-07-03 07:10:59', '2026-07-03 07:11:10');
INSERT INTO `orders` (`id`, `order_number`, `customer_name`, `customer_email`, `customer_phone`, `subtotal`, `tax`, `total_amount`, `payment_method`, `payment_status`, `cash_received`, `change_amount`, `created_at`, `updated_at`) VALUES ('34', 'TP-243301', 'Walk-in Customer', NULL, NULL, '0.01', '0.00', '0.01', 'qr', 'Pending', '0.01', '0.00', '2026-07-03 08:45:59', '2026-07-03 08:45:59');
INSERT INTO `orders` (`id`, `order_number`, `customer_name`, `customer_email`, `customer_phone`, `subtotal`, `tax`, `total_amount`, `payment_method`, `payment_status`, `cash_received`, `change_amount`, `created_at`, `updated_at`) VALUES ('35', 'TP-748887', 'Walk-in Customer', NULL, NULL, '0.07', '0.01', '0.08', 'qr', 'Pending', '0.08', '0.00', '2026-07-03 08:47:19', '2026-07-03 08:47:19');
INSERT INTO `orders` (`id`, `order_number`, `customer_name`, `customer_email`, `customer_phone`, `subtotal`, `tax`, `total_amount`, `payment_method`, `payment_status`, `cash_received`, `change_amount`, `created_at`, `updated_at`) VALUES ('36', 'TP-617955', 'Walk-in Customer', NULL, NULL, '0.07', '0.01', '0.08', 'qr', 'Pending', '0.08', '0.00', '2026-07-03 08:48:49', '2026-07-03 08:48:49');
INSERT INTO `orders` (`id`, `order_number`, `customer_name`, `customer_email`, `customer_phone`, `subtotal`, `tax`, `total_amount`, `payment_method`, `payment_status`, `cash_received`, `change_amount`, `created_at`, `updated_at`) VALUES ('37', 'TP-265816', 'Walk-in Customer', NULL, NULL, '0.07', '0.01', '0.08', 'qr', 'Paid', '0.08', '0.00', '2026-07-08 07:26:14', '2026-07-08 07:26:58');
INSERT INTO `orders` (`id`, `order_number`, `customer_name`, `customer_email`, `customer_phone`, `subtotal`, `tax`, `total_amount`, `payment_method`, `payment_status`, `cash_received`, `change_amount`, `created_at`, `updated_at`) VALUES ('38', 'TP-134353', 'Walk-in Customer', 'admin@gmail.com', NULL, '0.01', '0.00', '0.01', 'qr', 'Pending', '0.01', '0.00', '2026-07-11 15:46:32', '2026-07-11 15:46:32');
INSERT INTO `orders` (`id`, `order_number`, `customer_name`, `customer_email`, `customer_phone`, `subtotal`, `tax`, `total_amount`, `payment_method`, `payment_status`, `cash_received`, `change_amount`, `created_at`, `updated_at`) VALUES ('39', 'TP-579792', 'Walk-in Customer', 'admin@gmail.com', NULL, '0.01', '0.00', '0.01', 'qr', 'Pending', '0.01', '0.00', '2026-07-11 15:47:03', '2026-07-11 15:47:03');
INSERT INTO `orders` (`id`, `order_number`, `customer_name`, `customer_email`, `customer_phone`, `subtotal`, `tax`, `total_amount`, `payment_method`, `payment_status`, `cash_received`, `change_amount`, `created_at`, `updated_at`) VALUES ('40', 'TP-385137', 'Walk-in Customer', 'admin@gmail.com', NULL, '0.01', '0.00', '0.01', 'qr', 'Pending', '0.01', '0.00', '2026-07-11 15:47:15', '2026-07-11 15:47:15');
INSERT INTO `orders` (`id`, `order_number`, `customer_name`, `customer_email`, `customer_phone`, `subtotal`, `tax`, `total_amount`, `payment_method`, `payment_status`, `cash_received`, `change_amount`, `created_at`, `updated_at`) VALUES ('41', 'TP-813107', 'Walk-in Customer', 'admin@gmail.com', NULL, '0.01', '0.00', '0.01', 'qr', 'Paid', '0.01', '0.00', '2026-07-11 15:48:00', '2026-07-11 15:48:19');
INSERT INTO `orders` (`id`, `order_number`, `customer_name`, `customer_email`, `customer_phone`, `subtotal`, `tax`, `total_amount`, `payment_method`, `payment_status`, `cash_received`, `change_amount`, `created_at`, `updated_at`) VALUES ('42', 'TP-745014', 'Walk-in Customer', 'admin@gmail.com', NULL, '515.03', '41.20', '556.23', 'qr', 'Pending', '556.23', '0.00', '2026-07-12 08:38:57', '2026-07-12 08:38:57');
INSERT INTO `orders` (`id`, `order_number`, `customer_name`, `customer_email`, `customer_phone`, `subtotal`, `tax`, `total_amount`, `payment_method`, `payment_status`, `cash_received`, `change_amount`, `created_at`, `updated_at`) VALUES ('43', 'TP-185474', 'Walk-in Customer', 'admin@gmail.com', NULL, '595.03', '47.60', '642.63', 'qr', 'Pending', '642.63', '0.00', '2026-07-12 15:37:46', '2026-07-12 15:37:46');
INSERT INTO `orders` (`id`, `order_number`, `customer_name`, `customer_email`, `customer_phone`, `subtotal`, `tax`, `total_amount`, `payment_method`, `payment_status`, `cash_received`, `change_amount`, `created_at`, `updated_at`) VALUES ('44', 'TP-550680', 'Walk-in Customer', 'senasak05@gmail.com', NULL, '0.02', '0.00', '0.02', 'qr', 'Paid', '0.02', '0.00', '2026-07-13 08:53:42', '2026-07-13 08:54:05');
INSERT INTO `orders` (`id`, `order_number`, `customer_name`, `customer_email`, `customer_phone`, `subtotal`, `tax`, `total_amount`, `payment_method`, `payment_status`, `cash_received`, `change_amount`, `created_at`, `updated_at`) VALUES ('45', 'TP-189601', 'Walk-in Customer', 'admin@gmail.com', NULL, '0.04', '0.00', '0.04', 'qr', 'Paid', '0.04', '0.00', '2026-07-13 09:17:01', '2026-07-13 09:17:06');
INSERT INTO `orders` (`id`, `order_number`, `customer_name`, `customer_email`, `customer_phone`, `subtotal`, `tax`, `total_amount`, `payment_method`, `payment_status`, `cash_received`, `change_amount`, `created_at`, `updated_at`) VALUES ('46', 'TP-702715', 'Walk-in Customer', 'admin@gmail.com', NULL, '80.01', '6.40', '86.41', 'qr', 'Pending', '86.41', '0.00', '2026-07-13 09:21:45', '2026-07-13 09:21:45');
INSERT INTO `orders` (`id`, `order_number`, `customer_name`, `customer_email`, `customer_phone`, `subtotal`, `tax`, `total_amount`, `payment_method`, `payment_status`, `cash_received`, `change_amount`, `created_at`, `updated_at`) VALUES ('47', 'TP-334201', 'Walk-in Customer', 'admin@gmail.com', NULL, '80.01', '6.40', '86.41', 'qr', 'Cancelled', '86.41', '0.00', '2026-07-13 09:22:56', '2026-07-14 16:24:56');
INSERT INTO `orders` (`id`, `order_number`, `customer_name`, `customer_email`, `customer_phone`, `subtotal`, `tax`, `total_amount`, `payment_method`, `payment_status`, `cash_received`, `change_amount`, `created_at`, `updated_at`) VALUES ('48', 'TP-211123', 'Walk-in Customer', 'admin@gmail.com', NULL, '80.01', '6.40', '86.41', 'qr', 'Paid', '86.41', '0.00', '2026-07-13 09:23:40', '2026-07-13 09:23:57');
INSERT INTO `orders` (`id`, `order_number`, `customer_name`, `customer_email`, `customer_phone`, `subtotal`, `tax`, `total_amount`, `payment_method`, `payment_status`, `cash_received`, `change_amount`, `created_at`, `updated_at`) VALUES ('49', 'TP-998151', 'Walk-in Customer', 'admin@gmail.com', NULL, '0.01', '0.00', '0.01', 'qr', 'Paid', '0.01', '0.00', '2026-07-13 10:16:45', '2026-07-13 10:17:09');
INSERT INTO `orders` (`id`, `order_number`, `customer_name`, `customer_email`, `customer_phone`, `subtotal`, `tax`, `total_amount`, `payment_method`, `payment_status`, `cash_received`, `change_amount`, `created_at`, `updated_at`) VALUES ('50', 'TP-947475', 'Walk-in Customer', 'admin@gmail.com', NULL, '0.04', '0.00', '0.04', 'qr', 'Paid', '0.04', '0.00', '2026-07-13 10:25:59', '2026-07-13 10:26:13');

-- Dumping data for table `order_items`
TRUNCATE TABLE `order_items`;
INSERT INTO `order_items` (`id`, `order_id`, `product_id`, `product_name`, `quantity`, `price`, `color`, `size`, `brand`, `product_image`, `created_at`, `updated_at`) VALUES ('1', '1', NULL, 'Aero Runner', '1', '39.99', 'Red', '40', 'Nike', 'products/AOFCGwnDWLDn8Laz515UmY2jxzt2dUDskicnd4Wv.jpg', '2026-06-11 04:55:22', '2026-06-11 04:55:22');
INSERT INTO `order_items` (`id`, `order_id`, `product_id`, `product_name`, `quantity`, `price`, `color`, `size`, `brand`, `product_image`, `created_at`, `updated_at`) VALUES ('2', '2', NULL, 'Runer', '2', '20.00', 'Black', '41', 'Adidas', 'products/wVOV2yPztbKuFi13nsdEAKUidqg8EdvrH2FFGGlz.jpg', '2026-06-11 04:55:22', '2026-06-11 04:55:22');
INSERT INTO `order_items` (`id`, `order_id`, `product_id`, `product_name`, `quantity`, `price`, `color`, `size`, `brand`, `product_image`, `created_at`, `updated_at`) VALUES ('3', '3', NULL, 'SAk', '1', '14.00', 'White', '39', 'Puma', 'products/1COA6NKmVhXV0QrsG5mvG5UempcZYC2LNKIDAHRw.jpg', '2026-06-11 04:55:22', '2026-06-11 04:55:22');
INSERT INTO `order_items` (`id`, `order_id`, `product_id`, `product_name`, `quantity`, `price`, `color`, `size`, `brand`, `product_image`, `created_at`, `updated_at`) VALUES ('4', '9', NULL, 'Runner', '1', '0.01', 'Black', '38', 'Adidas', 'products/cx9xUKhIYs8tVO1qdKTWd1JwuaiNQR6SNWMkX6oQ.jpg', '2026-06-24 02:46:54', '2026-06-24 02:46:54');
INSERT INTO `order_items` (`id`, `order_id`, `product_id`, `product_name`, `quantity`, `price`, `color`, `size`, `brand`, `product_image`, `created_at`, `updated_at`) VALUES ('5', '10', NULL, 'Runner', '1', '0.01', 'Black', '38', 'Adidas', 'products/cx9xUKhIYs8tVO1qdKTWd1JwuaiNQR6SNWMkX6oQ.jpg', '2026-06-24 06:53:47', '2026-06-24 06:53:47');
INSERT INTO `order_items` (`id`, `order_id`, `product_id`, `product_name`, `quantity`, `price`, `color`, `size`, `brand`, `product_image`, `created_at`, `updated_at`) VALUES ('6', '11', NULL, 'Runner', '1', '0.01', 'Black', '38', 'Adidas', 'products/cx9xUKhIYs8tVO1qdKTWd1JwuaiNQR6SNWMkX6oQ.jpg', '2026-06-24 07:41:13', '2026-06-24 07:41:13');
INSERT INTO `order_items` (`id`, `order_id`, `product_id`, `product_name`, `quantity`, `price`, `color`, `size`, `brand`, `product_image`, `created_at`, `updated_at`) VALUES ('7', '12', NULL, 'Runner', '2', '0.01', 'Black', '38', 'Adidas', 'products/cx9xUKhIYs8tVO1qdKTWd1JwuaiNQR6SNWMkX6oQ.jpg', '2026-06-24 07:42:25', '2026-06-24 07:42:25');
INSERT INTO `order_items` (`id`, `order_id`, `product_id`, `product_name`, `quantity`, `price`, `color`, `size`, `brand`, `product_image`, `created_at`, `updated_at`) VALUES ('8', '13', NULL, 'Runner', '2', '0.01', 'Black', '38', 'Adidas', 'products/cx9xUKhIYs8tVO1qdKTWd1JwuaiNQR6SNWMkX6oQ.jpg', '2026-06-24 07:45:41', '2026-06-24 07:45:41');
INSERT INTO `order_items` (`id`, `order_id`, `product_id`, `product_name`, `quantity`, `price`, `color`, `size`, `brand`, `product_image`, `created_at`, `updated_at`) VALUES ('9', '14', NULL, 'Runner', '1', '0.01', 'Black', '38', 'Adidas', 'products/cx9xUKhIYs8tVO1qdKTWd1JwuaiNQR6SNWMkX6oQ.jpg', '2026-06-24 08:32:37', '2026-06-24 08:32:37');
INSERT INTO `order_items` (`id`, `order_id`, `product_id`, `product_name`, `quantity`, `price`, `color`, `size`, `brand`, `product_image`, `created_at`, `updated_at`) VALUES ('10', '15', NULL, 'Runner', '1', '0.01', 'Black', '38', 'Adidas', 'products/cx9xUKhIYs8tVO1qdKTWd1JwuaiNQR6SNWMkX6oQ.jpg', '2026-06-24 08:47:18', '2026-06-24 08:47:18');
INSERT INTO `order_items` (`id`, `order_id`, `product_id`, `product_name`, `quantity`, `price`, `color`, `size`, `brand`, `product_image`, `created_at`, `updated_at`) VALUES ('11', '16', NULL, 'Runner', '2', '0.01', 'Black', '38', 'Adidas', 'products/cx9xUKhIYs8tVO1qdKTWd1JwuaiNQR6SNWMkX6oQ.jpg', '2026-06-25 04:37:44', '2026-06-25 04:37:44');
INSERT INTO `order_items` (`id`, `order_id`, `product_id`, `product_name`, `quantity`, `price`, `color`, `size`, `brand`, `product_image`, `created_at`, `updated_at`) VALUES ('12', '17', NULL, 'Runner', '1', '0.01', 'Black', '38', 'Adidas', 'products/cx9xUKhIYs8tVO1qdKTWd1JwuaiNQR6SNWMkX6oQ.jpg', '2026-06-25 04:38:37', '2026-06-25 04:38:37');
INSERT INTO `order_items` (`id`, `order_id`, `product_id`, `product_name`, `quantity`, `price`, `color`, `size`, `brand`, `product_image`, `created_at`, `updated_at`) VALUES ('13', '18', NULL, 'Runner', '1', '0.01', 'Black', '38', 'Adidas', 'products/cx9xUKhIYs8tVO1qdKTWd1JwuaiNQR6SNWMkX6oQ.jpg', '2026-06-25 07:36:22', '2026-06-25 07:36:22');
INSERT INTO `order_items` (`id`, `order_id`, `product_id`, `product_name`, `quantity`, `price`, `color`, `size`, `brand`, `product_image`, `created_at`, `updated_at`) VALUES ('14', '19', NULL, 'Runner', '7', '0.01', 'Black', '38', 'Adidas', 'products/cx9xUKhIYs8tVO1qdKTWd1JwuaiNQR6SNWMkX6oQ.jpg', '2026-06-25 07:37:39', '2026-06-25 07:37:39');
INSERT INTO `order_items` (`id`, `order_id`, `product_id`, `product_name`, `quantity`, `price`, `color`, `size`, `brand`, `product_image`, `created_at`, `updated_at`) VALUES ('15', '20', NULL, 'Air-Force 1', '1', '0.01', 'Black', '39', 'Adidas', 'products/cx9xUKhIYs8tVO1qdKTWd1JwuaiNQR6SNWMkX6oQ.jpg', '2026-06-30 06:25:40', '2026-06-30 06:25:40');
INSERT INTO `order_items` (`id`, `order_id`, `product_id`, `product_name`, `quantity`, `price`, `color`, `size`, `brand`, `product_image`, `created_at`, `updated_at`) VALUES ('16', '21', NULL, 'Air-Force 1', '1', '0.01', 'Black', '39', 'Adidas', 'products/cx9xUKhIYs8tVO1qdKTWd1JwuaiNQR6SNWMkX6oQ.jpg', '2026-06-30 06:26:33', '2026-06-30 06:26:33');
INSERT INTO `order_items` (`id`, `order_id`, `product_id`, `product_name`, `quantity`, `price`, `color`, `size`, `brand`, `product_image`, `created_at`, `updated_at`) VALUES ('17', '22', NULL, 'Air-Force 1', '1', '0.01', 'Black', '39', 'Adidas', 'products/cx9xUKhIYs8tVO1qdKTWd1JwuaiNQR6SNWMkX6oQ.jpg', '2026-06-30 06:34:55', '2026-06-30 06:34:55');
INSERT INTO `order_items` (`id`, `order_id`, `product_id`, `product_name`, `quantity`, `price`, `color`, `size`, `brand`, `product_image`, `created_at`, `updated_at`) VALUES ('18', '23', NULL, 'Air-Force 1', '1', '0.01', 'Black', '39', 'Adidas', 'products/cx9xUKhIYs8tVO1qdKTWd1JwuaiNQR6SNWMkX6oQ.jpg', '2026-06-30 06:42:41', '2026-06-30 06:42:41');
INSERT INTO `order_items` (`id`, `order_id`, `product_id`, `product_name`, `quantity`, `price`, `color`, `size`, `brand`, `product_image`, `created_at`, `updated_at`) VALUES ('19', '24', NULL, 'Air-Force 1', '1', '0.01', 'Black', '39', 'Adidas', 'products/cx9xUKhIYs8tVO1qdKTWd1JwuaiNQR6SNWMkX6oQ.jpg', '2026-06-30 07:08:04', '2026-06-30 07:08:04');
INSERT INTO `order_items` (`id`, `order_id`, `product_id`, `product_name`, `quantity`, `price`, `color`, `size`, `brand`, `product_image`, `created_at`, `updated_at`) VALUES ('20', '25', NULL, 'Air-Force 1', '1', '0.01', 'Black', '39', 'Adidas', 'products/cx9xUKhIYs8tVO1qdKTWd1JwuaiNQR6SNWMkX6oQ.jpg', '2026-06-30 07:24:39', '2026-06-30 07:24:39');
INSERT INTO `order_items` (`id`, `order_id`, `product_id`, `product_name`, `quantity`, `price`, `color`, `size`, `brand`, `product_image`, `created_at`, `updated_at`) VALUES ('21', '26', NULL, 'Nike-Men', '1', '0.01', 'Black', '38', 'Adidas', 'products/1782963938_Nike_Men.webp', '2026-07-03 06:39:03', '2026-07-03 06:39:03');
INSERT INTO `order_items` (`id`, `order_id`, `product_id`, `product_name`, `quantity`, `price`, `color`, `size`, `brand`, `product_image`, `created_at`, `updated_at`) VALUES ('22', '26', NULL, 'Nike-Air', '1', '0.01', 'Black', '41', 'Adidas', 'products/1782965339_Nike_Air.jpeg', '2026-07-03 06:39:03', '2026-07-03 06:39:03');
INSERT INTO `order_items` (`id`, `order_id`, `product_id`, `product_name`, `quantity`, `price`, `color`, `size`, `brand`, `product_image`, `created_at`, `updated_at`) VALUES ('23', '27', NULL, 'Nike-Air', '3', '0.01', 'Black', '41', 'Adidas', 'products/1782965339_Nike_Air.jpeg', '2026-07-03 06:46:05', '2026-07-03 06:46:05');
INSERT INTO `order_items` (`id`, `order_id`, `product_id`, `product_name`, `quantity`, `price`, `color`, `size`, `brand`, `product_image`, `created_at`, `updated_at`) VALUES ('24', '28', NULL, 'Nike-Air', '6', '0.01', 'Black', '41', 'Adidas', 'products/1782965339_Nike_Air.jpeg', '2026-07-03 06:50:39', '2026-07-03 06:50:39');
INSERT INTO `order_items` (`id`, `order_id`, `product_id`, `product_name`, `quantity`, `price`, `color`, `size`, `brand`, `product_image`, `created_at`, `updated_at`) VALUES ('25', '29', NULL, 'Nike-Air', '6', '0.01', 'Black', '41', 'Adidas', 'products/1782965339_Nike_Air.jpeg', '2026-07-03 06:53:53', '2026-07-03 06:53:53');
INSERT INTO `order_items` (`id`, `order_id`, `product_id`, `product_name`, `quantity`, `price`, `color`, `size`, `brand`, `product_image`, `created_at`, `updated_at`) VALUES ('26', '30', NULL, 'Nike-Air', '7', '0.01', 'Black', '41', 'Adidas', 'products/1782965339_Nike_Air.jpeg', '2026-07-03 06:57:57', '2026-07-03 06:57:57');
INSERT INTO `order_items` (`id`, `order_id`, `product_id`, `product_name`, `quantity`, `price`, `color`, `size`, `brand`, `product_image`, `created_at`, `updated_at`) VALUES ('27', '31', NULL, 'Nike-Men', '31', '0.01', 'Black', '38', 'Adidas', 'products/1782963938_Nike_Men.webp', '2026-07-03 07:10:29', '2026-07-03 07:10:29');
INSERT INTO `order_items` (`id`, `order_id`, `product_id`, `product_name`, `quantity`, `price`, `color`, `size`, `brand`, `product_image`, `created_at`, `updated_at`) VALUES ('28', '31', NULL, 'Air-Force 1', '6', '0.01', 'Black', '40', 'Adidas', 'products/cx9xUKhIYs8tVO1qdKTWd1JwuaiNQR6SNWMkX6oQ.jpg', '2026-07-03 07:10:29', '2026-07-03 07:10:29');
INSERT INTO `order_items` (`id`, `order_id`, `product_id`, `product_name`, `quantity`, `price`, `color`, `size`, `brand`, `product_image`, `created_at`, `updated_at`) VALUES ('29', '32', NULL, 'Nike-Men', '23', '0.01', 'Black', '38', 'Adidas', 'products/1782963938_Nike_Men.webp', '2026-07-03 07:10:42', '2026-07-03 07:10:42');
INSERT INTO `order_items` (`id`, `order_id`, `product_id`, `product_name`, `quantity`, `price`, `color`, `size`, `brand`, `product_image`, `created_at`, `updated_at`) VALUES ('30', '32', NULL, 'Air-Force 1', '6', '0.01', 'Black', '40', 'Adidas', 'products/cx9xUKhIYs8tVO1qdKTWd1JwuaiNQR6SNWMkX6oQ.jpg', '2026-07-03 07:10:42', '2026-07-03 07:10:42');
INSERT INTO `order_items` (`id`, `order_id`, `product_id`, `product_name`, `quantity`, `price`, `color`, `size`, `brand`, `product_image`, `created_at`, `updated_at`) VALUES ('31', '33', NULL, 'Nike-Men', '10', '0.01', 'Black', '38', 'Adidas', 'products/1782963938_Nike_Men.webp', '2026-07-03 07:10:59', '2026-07-03 07:10:59');
INSERT INTO `order_items` (`id`, `order_id`, `product_id`, `product_name`, `quantity`, `price`, `color`, `size`, `brand`, `product_image`, `created_at`, `updated_at`) VALUES ('32', '33', NULL, 'Air-Force 1', '6', '0.01', 'Black', '40', 'Adidas', 'products/cx9xUKhIYs8tVO1qdKTWd1JwuaiNQR6SNWMkX6oQ.jpg', '2026-07-03 07:10:59', '2026-07-03 07:10:59');
INSERT INTO `order_items` (`id`, `order_id`, `product_id`, `product_name`, `quantity`, `price`, `color`, `size`, `brand`, `product_image`, `created_at`, `updated_at`) VALUES ('33', '34', NULL, 'Nike-Air', '1', '0.01', 'Black', '41', 'Adidas', 'products/1782965339_Nike_Air.jpeg', '2026-07-03 08:45:59', '2026-07-03 08:45:59');
INSERT INTO `order_items` (`id`, `order_id`, `product_id`, `product_name`, `quantity`, `price`, `color`, `size`, `brand`, `product_image`, `created_at`, `updated_at`) VALUES ('34', '35', NULL, 'Nike-Air', '6', '0.01', 'Black', '41', 'Adidas', 'products/1782965339_Nike_Air.jpeg', '2026-07-03 08:47:19', '2026-07-03 08:47:19');
INSERT INTO `order_items` (`id`, `order_id`, `product_id`, `product_name`, `quantity`, `price`, `color`, `size`, `brand`, `product_image`, `created_at`, `updated_at`) VALUES ('35', '35', NULL, 'Nike-Air-Force-One', '1', '0.01', 'White', '39', 'Adidas', 'products/1783062947_Air_Force_One_White_Nike_Shoes_PNG_Pic.png', '2026-07-03 08:47:19', '2026-07-03 08:47:19');
INSERT INTO `order_items` (`id`, `order_id`, `product_id`, `product_name`, `quantity`, `price`, `color`, `size`, `brand`, `product_image`, `created_at`, `updated_at`) VALUES ('36', '36', NULL, 'Nike-Air', '6', '0.01', 'Black', '41', 'Adidas', 'products/1782965339_Nike_Air.jpeg', '2026-07-03 08:48:49', '2026-07-03 08:48:49');
INSERT INTO `order_items` (`id`, `order_id`, `product_id`, `product_name`, `quantity`, `price`, `color`, `size`, `brand`, `product_image`, `created_at`, `updated_at`) VALUES ('37', '36', NULL, 'Nike-Air-Force-One', '1', '0.01', 'White', '39', 'Adidas', 'products/1783062947_Air_Force_One_White_Nike_Shoes_PNG_Pic.png', '2026-07-03 08:48:49', '2026-07-03 08:48:49');
INSERT INTO `order_items` (`id`, `order_id`, `product_id`, `product_name`, `quantity`, `price`, `color`, `size`, `brand`, `product_image`, `created_at`, `updated_at`) VALUES ('38', '37', NULL, 'Nike-Air', '6', '0.01', 'Black', '41', 'Adidas', 'products/1782965339_Nike_Air.jpeg', '2026-07-08 07:26:14', '2026-07-08 07:26:14');
INSERT INTO `order_items` (`id`, `order_id`, `product_id`, `product_name`, `quantity`, `price`, `color`, `size`, `brand`, `product_image`, `created_at`, `updated_at`) VALUES ('39', '37', NULL, 'Nike-Air-Force-One', '1', '0.01', 'White', '39', 'Adidas', 'products/1783062947_Air_Force_One_White_Nike_Shoes_PNG_Pic.png', '2026-07-08 07:26:14', '2026-07-08 07:26:14');
INSERT INTO `order_items` (`id`, `order_id`, `product_id`, `product_name`, `quantity`, `price`, `color`, `size`, `brand`, `product_image`, `created_at`, `updated_at`) VALUES ('40', '38', '51', 'Adidas NMD', '1', '0.01', 'Black', '38', 'Adidas', 'products/BGVC22tUgfcRtUlrP69ZAWIwu3G5AK8k2U8Agi2Q.jpg', '2026-07-11 15:46:32', '2026-07-11 15:46:32');
INSERT INTO `order_items` (`id`, `order_id`, `product_id`, `product_name`, `quantity`, `price`, `color`, `size`, `brand`, `product_image`, `created_at`, `updated_at`) VALUES ('41', '39', '51', 'Adidas NMD', '1', '0.01', 'Black', '38', 'Adidas', 'products/BGVC22tUgfcRtUlrP69ZAWIwu3G5AK8k2U8Agi2Q.jpg', '2026-07-11 15:47:03', '2026-07-11 15:47:03');
INSERT INTO `order_items` (`id`, `order_id`, `product_id`, `product_name`, `quantity`, `price`, `color`, `size`, `brand`, `product_image`, `created_at`, `updated_at`) VALUES ('42', '40', '51', 'Adidas NMD', '1', '0.01', 'Black', '38', 'Adidas', 'products/BGVC22tUgfcRtUlrP69ZAWIwu3G5AK8k2U8Agi2Q.jpg', '2026-07-11 15:47:15', '2026-07-11 15:47:15');
INSERT INTO `order_items` (`id`, `order_id`, `product_id`, `product_name`, `quantity`, `price`, `color`, `size`, `brand`, `product_image`, `created_at`, `updated_at`) VALUES ('43', '41', '51', 'Adidas NMD', '1', '0.01', 'Black', '38', 'Adidas', 'products/BGVC22tUgfcRtUlrP69ZAWIwu3G5AK8k2U8Agi2Q.jpg', '2026-07-11 15:48:00', '2026-07-11 15:48:00');
INSERT INTO `order_items` (`id`, `order_id`, `product_id`, `product_name`, `quantity`, `price`, `color`, `size`, `brand`, `product_image`, `created_at`, `updated_at`) VALUES ('44', '42', '51', 'Adidas NMD', '3', '0.01', 'Black', '38', 'Adidas', 'products/BGVC22tUgfcRtUlrP69ZAWIwu3G5AK8k2U8Agi2Q.jpg', '2026-07-12 08:38:57', '2026-07-12 08:38:57');
INSERT INTO `order_items` (`id`, `order_id`, `product_id`, `product_name`, `quantity`, `price`, `color`, `size`, `brand`, `product_image`, `created_at`, `updated_at`) VALUES ('45', '42', '49', 'Adidas Ultraboost', '2', '180.00', 'White', '40', 'Adidas', 'products/1COA6NKmVhXV0QrsG5mvG5UempcZYC2LNKIDAHRw.jpg', '2026-07-12 08:38:57', '2026-07-12 08:38:57');
INSERT INTO `order_items` (`id`, `order_id`, `product_id`, `product_name`, `quantity`, `price`, `color`, `size`, `brand`, `product_image`, `created_at`, `updated_at`) VALUES ('46', '42', '54', 'Nike Court Vision', '1', '75.00', 'White', '41', 'Nike', 'products/XlnamR5ByuEacCM6WUqNFF3dWfgRaMVriARO0E35.jpg', '2026-07-12 08:38:57', '2026-07-12 08:38:57');
INSERT INTO `order_items` (`id`, `order_id`, `product_id`, `product_name`, `quantity`, `price`, `color`, `size`, `brand`, `product_image`, `created_at`, `updated_at`) VALUES ('47', '42', '56', 'Puma Clyde', '1', '80.00', 'Black', '41', 'Puma', 'products/t6Kw1bjNrvKoaGJsK8w7t3iDv6u9rpEp88UcCQwM.jpg', '2026-07-12 08:38:57', '2026-07-12 08:38:57');
INSERT INTO `order_items` (`id`, `order_id`, `product_id`, `product_name`, `quantity`, `price`, `color`, `size`, `brand`, `product_image`, `created_at`, `updated_at`) VALUES ('48', '43', '51', 'Adidas NMD', '3', '0.01', 'Black', '38', 'Adidas', 'products/BGVC22tUgfcRtUlrP69ZAWIwu3G5AK8k2U8Agi2Q.jpg', '2026-07-12 15:37:46', '2026-07-12 15:37:46');
INSERT INTO `order_items` (`id`, `order_id`, `product_id`, `product_name`, `quantity`, `price`, `color`, `size`, `brand`, `product_image`, `created_at`, `updated_at`) VALUES ('49', '43', '49', 'Adidas Ultraboost', '2', '180.00', 'White', '40', 'Adidas', 'products/1COA6NKmVhXV0QrsG5mvG5UempcZYC2LNKIDAHRw.jpg', '2026-07-12 15:37:46', '2026-07-12 15:37:46');
INSERT INTO `order_items` (`id`, `order_id`, `product_id`, `product_name`, `quantity`, `price`, `color`, `size`, `brand`, `product_image`, `created_at`, `updated_at`) VALUES ('50', '43', '54', 'Nike Court Vision', '1', '75.00', 'White', '41', 'Nike', 'products/XlnamR5ByuEacCM6WUqNFF3dWfgRaMVriARO0E35.jpg', '2026-07-12 15:37:46', '2026-07-12 15:37:46');
INSERT INTO `order_items` (`id`, `order_id`, `product_id`, `product_name`, `quantity`, `price`, `color`, `size`, `brand`, `product_image`, `created_at`, `updated_at`) VALUES ('51', '43', '56', 'Puma Clyde', '2', '80.00', 'Black', '41', 'Puma', 'products/t6Kw1bjNrvKoaGJsK8w7t3iDv6u9rpEp88UcCQwM.jpg', '2026-07-12 15:37:46', '2026-07-12 15:37:46');
INSERT INTO `order_items` (`id`, `order_id`, `product_id`, `product_name`, `quantity`, `price`, `color`, `size`, `brand`, `product_image`, `created_at`, `updated_at`) VALUES ('52', '44', '51', 'Adidas NMD', '2', '0.01', 'Black', '38', 'Adidas', 'products/BGVC22tUgfcRtUlrP69ZAWIwu3G5AK8k2U8Agi2Q.jpg', '2026-07-13 08:53:42', '2026-07-13 08:53:42');
INSERT INTO `order_items` (`id`, `order_id`, `product_id`, `product_name`, `quantity`, `price`, `color`, `size`, `brand`, `product_image`, `created_at`, `updated_at`) VALUES ('53', '45', '46', 'Nike Air Max', '4', '0.01', 'Red', '39', 'Nike', 'products/1783063573_Nike_Air_Max.webp', '2026-07-13 09:17:01', '2026-07-13 09:17:01');
INSERT INTO `order_items` (`id`, `order_id`, `product_id`, `product_name`, `quantity`, `price`, `color`, `size`, `brand`, `product_image`, `created_at`, `updated_at`) VALUES ('54', '46', '56', 'Puma Clyde', '1', '80.00', 'Black', '41', 'Puma', 'products/t6Kw1bjNrvKoaGJsK8w7t3iDv6u9rpEp88UcCQwM.jpg', '2026-07-13 09:21:45', '2026-07-13 09:21:45');
INSERT INTO `order_items` (`id`, `order_id`, `product_id`, `product_name`, `quantity`, `price`, `color`, `size`, `brand`, `product_image`, `created_at`, `updated_at`) VALUES ('55', '46', '46', 'Nike Air Max', '1', '0.01', 'Red', '39', 'Nike', 'products/1783063573_Nike_Air_Max.webp', '2026-07-13 09:21:45', '2026-07-13 09:21:45');
INSERT INTO `order_items` (`id`, `order_id`, `product_id`, `product_name`, `quantity`, `price`, `color`, `size`, `brand`, `product_image`, `created_at`, `updated_at`) VALUES ('56', '47', '56', 'Puma Clyde', '1', '80.00', 'Black', '41', 'Puma', 'products/t6Kw1bjNrvKoaGJsK8w7t3iDv6u9rpEp88UcCQwM.jpg', '2026-07-13 09:22:56', '2026-07-13 09:22:56');
INSERT INTO `order_items` (`id`, `order_id`, `product_id`, `product_name`, `quantity`, `price`, `color`, `size`, `brand`, `product_image`, `created_at`, `updated_at`) VALUES ('57', '47', '46', 'Nike Air Max', '1', '0.01', 'Red', '39', 'Nike', 'products/1783063573_Nike_Air_Max.webp', '2026-07-13 09:22:56', '2026-07-13 09:22:56');
INSERT INTO `order_items` (`id`, `order_id`, `product_id`, `product_name`, `quantity`, `price`, `color`, `size`, `brand`, `product_image`, `created_at`, `updated_at`) VALUES ('58', '48', '56', 'Puma Clyde', '1', '80.00', 'Black', '41', 'Puma', 'products/t6Kw1bjNrvKoaGJsK8w7t3iDv6u9rpEp88UcCQwM.jpg', '2026-07-13 09:23:40', '2026-07-13 09:23:40');
INSERT INTO `order_items` (`id`, `order_id`, `product_id`, `product_name`, `quantity`, `price`, `color`, `size`, `brand`, `product_image`, `created_at`, `updated_at`) VALUES ('59', '48', '46', 'Nike Air Max', '1', '0.01', 'Red', '39', 'Nike', 'products/1783063573_Nike_Air_Max.webp', '2026-07-13 09:23:40', '2026-07-13 09:23:40');
INSERT INTO `order_items` (`id`, `order_id`, `product_id`, `product_name`, `quantity`, `price`, `color`, `size`, `brand`, `product_image`, `created_at`, `updated_at`) VALUES ('60', '49', '46', 'Nike Air Max', '1', '0.01', 'Red', '39', 'Nike', 'products/1783063573_Nike_Air_Max.webp', '2026-07-13 10:16:45', '2026-07-13 10:16:45');
INSERT INTO `order_items` (`id`, `order_id`, `product_id`, `product_name`, `quantity`, `price`, `color`, `size`, `brand`, `product_image`, `created_at`, `updated_at`) VALUES ('61', '50', '52', 'Adidas Swift Run', '1', '0.02', 'White', '39', 'Adidas', 'products/CLOsRPWAUPFrdtZWCPA9xd3I0VcM4Iwkjm1Li3B0.jpg', '2026-07-13 10:25:59', '2026-07-13 10:25:59');
INSERT INTO `order_items` (`id`, `order_id`, `product_id`, `product_name`, `quantity`, `price`, `color`, `size`, `brand`, `product_image`, `created_at`, `updated_at`) VALUES ('62', '50', '48', 'Nike Alpha Fly', '1', '0.02', 'White', '41', 'Nike', 'products/1783066315_Nike_Alpha_Fly.webp', '2026-07-13 10:25:59', '2026-07-13 10:25:59');

-- Dumping data for table `payments`
TRUNCATE TABLE `payments`;
INSERT INTO `payments` (`id`, `order_id`, `amount`, `currency`, `khqr_md5`, `transaction_id`, `sender_account`, `sender_bank`, `sender_name`, `payment_status`, `paid_at`, `created_at`, `updated_at`) VALUES ('1', NULL, '43.19', 'USD', '0cf1c89764b7450d88edd3e4ac8c0bf3', NULL, NULL, NULL, NULL, 'pending', NULL, '2026-06-23 07:56:04', '2026-06-23 07:56:04');
INSERT INTO `payments` (`id`, `order_id`, `amount`, `currency`, `khqr_md5`, `transaction_id`, `sender_account`, `sender_bank`, `sender_name`, `payment_status`, `paid_at`, `created_at`, `updated_at`) VALUES ('2', NULL, '15.12', 'USD', 'e6a85aa676801b7448062aaaa2d8bfef', NULL, NULL, NULL, NULL, 'pending', NULL, '2026-06-23 08:00:01', '2026-06-23 08:00:01');
INSERT INTO `payments` (`id`, `order_id`, `amount`, `currency`, `khqr_md5`, `transaction_id`, `sender_account`, `sender_bank`, `sender_name`, `payment_status`, `paid_at`, `created_at`, `updated_at`) VALUES ('3', NULL, '21.60', 'USD', 'f6da011a36e48a7a3ef53c58d8f81d0a', NULL, NULL, NULL, NULL, 'pending', NULL, '2026-06-23 08:06:14', '2026-06-23 08:06:14');
INSERT INTO `payments` (`id`, `order_id`, `amount`, `currency`, `khqr_md5`, `transaction_id`, `sender_account`, `sender_bank`, `sender_name`, `payment_status`, `paid_at`, `created_at`, `updated_at`) VALUES ('4', NULL, '5.00', 'USD', '5f1bf5c526a1e3a9a3051b398f540202', NULL, NULL, NULL, NULL, 'pending', NULL, '2026-06-23 08:09:42', '2026-06-23 08:09:42');
INSERT INTO `payments` (`id`, `order_id`, `amount`, `currency`, `khqr_md5`, `transaction_id`, `sender_account`, `sender_bank`, `sender_name`, `payment_status`, `paid_at`, `created_at`, `updated_at`) VALUES ('5', NULL, '21.60', 'USD', '8cca3780b71b8c06eda0a2ec0b131dfd', NULL, NULL, NULL, NULL, 'pending', NULL, '2026-06-23 08:12:01', '2026-06-23 08:12:01');
INSERT INTO `payments` (`id`, `order_id`, `amount`, `currency`, `khqr_md5`, `transaction_id`, `sender_account`, `sender_bank`, `sender_name`, `payment_status`, `paid_at`, `created_at`, `updated_at`) VALUES ('6', NULL, '21.60', 'USD', 'a3410eedd8233e486cb747305621a47b', NULL, NULL, NULL, NULL, 'pending', NULL, '2026-06-23 08:42:23', '2026-06-23 08:42:23');
INSERT INTO `payments` (`id`, `order_id`, `amount`, `currency`, `khqr_md5`, `transaction_id`, `sender_account`, `sender_bank`, `sender_name`, `payment_status`, `paid_at`, `created_at`, `updated_at`) VALUES ('7', NULL, '21.60', 'USD', 'fb0d449261906839deb17dac3b4c30c5', NULL, NULL, NULL, NULL, 'pending', NULL, '2026-06-23 08:43:01', '2026-06-23 08:43:01');
INSERT INTO `payments` (`id`, `order_id`, `amount`, `currency`, `khqr_md5`, `transaction_id`, `sender_account`, `sender_bank`, `sender_name`, `payment_status`, `paid_at`, `created_at`, `updated_at`) VALUES ('8', NULL, '21.60', 'USD', 'ee0a0b4bfc27c7fe8e68bb579a0f7900', NULL, NULL, NULL, NULL, 'pending', NULL, '2026-06-23 08:44:38', '2026-06-23 08:44:38');
INSERT INTO `payments` (`id`, `order_id`, `amount`, `currency`, `khqr_md5`, `transaction_id`, `sender_account`, `sender_bank`, `sender_name`, `payment_status`, `paid_at`, `created_at`, `updated_at`) VALUES ('9', NULL, '10.77', 'USD', '7645f48adaaa648d24c17a3157cd61f5', NULL, NULL, NULL, NULL, 'pending', NULL, '2026-06-23 08:50:34', '2026-06-23 08:50:34');
INSERT INTO `payments` (`id`, `order_id`, `amount`, `currency`, `khqr_md5`, `transaction_id`, `sender_account`, `sender_bank`, `sender_name`, `payment_status`, `paid_at`, `created_at`, `updated_at`) VALUES ('10', NULL, '21.60', 'USD', 'f645449344fc8347545c8380a5633b11', NULL, NULL, NULL, NULL, 'pending', NULL, '2026-06-23 08:59:12', '2026-06-23 08:59:12');
INSERT INTO `payments` (`id`, `order_id`, `amount`, `currency`, `khqr_md5`, `transaction_id`, `sender_account`, `sender_bank`, `sender_name`, `payment_status`, `paid_at`, `created_at`, `updated_at`) VALUES ('11', NULL, '21.60', 'USD', 'de5292895b4de70c7f807b8a887d02e8', NULL, NULL, NULL, NULL, 'pending', NULL, '2026-06-23 09:00:54', '2026-06-23 09:00:54');
INSERT INTO `payments` (`id`, `order_id`, `amount`, `currency`, `khqr_md5`, `transaction_id`, `sender_account`, `sender_bank`, `sender_name`, `payment_status`, `paid_at`, `created_at`, `updated_at`) VALUES ('12', NULL, '10.77', 'USD', '1e4af245440f50f4efc1bca7dcce18f4', NULL, NULL, NULL, NULL, 'pending', NULL, '2026-06-23 09:04:56', '2026-06-23 09:04:56');
INSERT INTO `payments` (`id`, `order_id`, `amount`, `currency`, `khqr_md5`, `transaction_id`, `sender_account`, `sender_bank`, `sender_name`, `payment_status`, `paid_at`, `created_at`, `updated_at`) VALUES ('13', NULL, '21.60', 'USD', '7ecba5836375966f35a7b27185d679ba', NULL, NULL, NULL, NULL, 'pending', NULL, '2026-06-23 09:08:12', '2026-06-23 09:08:12');
INSERT INTO `payments` (`id`, `order_id`, `amount`, `currency`, `khqr_md5`, `transaction_id`, `sender_account`, `sender_bank`, `sender_name`, `payment_status`, `paid_at`, `created_at`, `updated_at`) VALUES ('14', NULL, '21.60', 'USD', '8f574e5b7b7dcc44baa357863101cd66', NULL, NULL, NULL, NULL, 'pending', NULL, '2026-06-23 09:13:41', '2026-06-23 09:13:41');
INSERT INTO `payments` (`id`, `order_id`, `amount`, `currency`, `khqr_md5`, `transaction_id`, `sender_account`, `sender_bank`, `sender_name`, `payment_status`, `paid_at`, `created_at`, `updated_at`) VALUES ('15', NULL, '5.00', 'USD', 'e5fb035a2b17aed5eadffdf7e320dba7', NULL, NULL, NULL, NULL, 'pending', NULL, '2026-06-23 15:05:14', '2026-06-23 15:05:14');
INSERT INTO `payments` (`id`, `order_id`, `amount`, `currency`, `khqr_md5`, `transaction_id`, `sender_account`, `sender_bank`, `sender_name`, `payment_status`, `paid_at`, `created_at`, `updated_at`) VALUES ('16', NULL, '21.60', 'USD', '0e6677994e6a43dcf284e773f52193d3', NULL, NULL, NULL, NULL, 'pending', NULL, '2026-06-23 15:26:16', '2026-06-23 15:26:16');
INSERT INTO `payments` (`id`, `order_id`, `amount`, `currency`, `khqr_md5`, `transaction_id`, `sender_account`, `sender_bank`, `sender_name`, `payment_status`, `paid_at`, `created_at`, `updated_at`) VALUES ('17', NULL, '21.60', 'USD', '3b03adc0b21bcb7fc5c099e6d7be49bc', NULL, NULL, NULL, NULL, 'pending', NULL, '2026-06-23 15:31:49', '2026-06-23 15:31:49');
INSERT INTO `payments` (`id`, `order_id`, `amount`, `currency`, `khqr_md5`, `transaction_id`, `sender_account`, `sender_bank`, `sender_name`, `payment_status`, `paid_at`, `created_at`, `updated_at`) VALUES ('18', NULL, '15.12', 'USD', '7f3e9747ffc8fff64879b4e6ce93db1d', NULL, NULL, NULL, NULL, 'pending', NULL, '2026-06-24 02:01:44', '2026-06-24 02:01:44');
INSERT INTO `payments` (`id`, `order_id`, `amount`, `currency`, `khqr_md5`, `transaction_id`, `sender_account`, `sender_bank`, `sender_name`, `payment_status`, `paid_at`, `created_at`, `updated_at`) VALUES ('19', NULL, '0.01', 'USD', 'be8358907fbe2a7ded1dc0e64c518d54', NULL, NULL, NULL, NULL, 'pending', NULL, '2026-06-24 02:04:14', '2026-06-24 02:04:14');
INSERT INTO `payments` (`id`, `order_id`, `amount`, `currency`, `khqr_md5`, `transaction_id`, `sender_account`, `sender_bank`, `sender_name`, `payment_status`, `paid_at`, `created_at`, `updated_at`) VALUES ('20', NULL, '0.01', 'USD', '9ebd2245c5fe209c0c3cc3805b812fd4', NULL, NULL, NULL, NULL, 'pending', NULL, '2026-06-24 02:23:28', '2026-06-24 02:23:28');
INSERT INTO `payments` (`id`, `order_id`, `amount`, `currency`, `khqr_md5`, `transaction_id`, `sender_account`, `sender_bank`, `sender_name`, `payment_status`, `paid_at`, `created_at`, `updated_at`) VALUES ('21', NULL, '0.01', 'USD', '3a0691f563f82de6cb7db2a480c7b666', NULL, NULL, NULL, NULL, 'pending', NULL, '2026-06-24 02:39:53', '2026-06-24 02:39:53');
INSERT INTO `payments` (`id`, `order_id`, `amount`, `currency`, `khqr_md5`, `transaction_id`, `sender_account`, `sender_bank`, `sender_name`, `payment_status`, `paid_at`, `created_at`, `updated_at`) VALUES ('22', NULL, '0.01', 'USD', '9a32aa3dcf86c1e74d93ed081ec84452', NULL, NULL, NULL, NULL, 'pending', NULL, '2026-06-24 02:42:07', '2026-06-24 02:42:07');
INSERT INTO `payments` (`id`, `order_id`, `amount`, `currency`, `khqr_md5`, `transaction_id`, `sender_account`, `sender_bank`, `sender_name`, `payment_status`, `paid_at`, `created_at`, `updated_at`) VALUES ('23', NULL, '0.01', 'USD', 'eaafb1c8edf7e23840e6d9c015ace19a', NULL, NULL, NULL, NULL, 'pending', NULL, '2026-06-24 02:42:07', '2026-06-24 02:42:07');
INSERT INTO `payments` (`id`, `order_id`, `amount`, `currency`, `khqr_md5`, `transaction_id`, `sender_account`, `sender_bank`, `sender_name`, `payment_status`, `paid_at`, `created_at`, `updated_at`) VALUES ('24', NULL, '0.01', 'USD', '8102a2582019bd0812ad8378faa94eaf', NULL, NULL, NULL, NULL, 'pending', NULL, '2026-06-24 02:42:13', '2026-06-24 02:42:13');
INSERT INTO `payments` (`id`, `order_id`, `amount`, `currency`, `khqr_md5`, `transaction_id`, `sender_account`, `sender_bank`, `sender_name`, `payment_status`, `paid_at`, `created_at`, `updated_at`) VALUES ('25', NULL, '0.01', 'USD', 'cbd110a12834bb2d44fe7f923d4a03ca', NULL, NULL, NULL, NULL, 'pending', NULL, '2026-06-24 02:42:13', '2026-06-24 02:42:13');
INSERT INTO `payments` (`id`, `order_id`, `amount`, `currency`, `khqr_md5`, `transaction_id`, `sender_account`, `sender_bank`, `sender_name`, `payment_status`, `paid_at`, `created_at`, `updated_at`) VALUES ('26', NULL, '0.01', 'USD', '701d97b145184740e8bbca332f6275b7', NULL, NULL, NULL, NULL, 'pending', NULL, '2026-06-24 02:45:08', '2026-06-24 02:45:08');
INSERT INTO `payments` (`id`, `order_id`, `amount`, `currency`, `khqr_md5`, `transaction_id`, `sender_account`, `sender_bank`, `sender_name`, `payment_status`, `paid_at`, `created_at`, `updated_at`) VALUES ('27', NULL, '1.00', 'USD', 'testmd5_6a3b79d6ba70e', NULL, NULL, NULL, NULL, 'paid', NULL, '2026-06-24 06:31:50', '2026-06-24 06:31:50');
INSERT INTO `payments` (`id`, `order_id`, `amount`, `currency`, `khqr_md5`, `transaction_id`, `sender_account`, `sender_bank`, `sender_name`, `payment_status`, `paid_at`, `created_at`, `updated_at`) VALUES ('28', NULL, '0.01', 'USD', 'ca64a0f1c0e31a123278d1a5d67770f3', NULL, NULL, NULL, NULL, 'pending', NULL, '2026-06-24 06:51:19', '2026-06-24 06:51:19');
INSERT INTO `payments` (`id`, `order_id`, `amount`, `currency`, `khqr_md5`, `transaction_id`, `sender_account`, `sender_bank`, `sender_name`, `payment_status`, `paid_at`, `created_at`, `updated_at`) VALUES ('29', NULL, '0.01', 'USD', 'ff4905b8fcc33985ade27605998ca49a', NULL, NULL, NULL, NULL, 'pending', NULL, '2026-06-24 06:51:24', '2026-06-24 06:51:24');
INSERT INTO `payments` (`id`, `order_id`, `amount`, `currency`, `khqr_md5`, `transaction_id`, `sender_account`, `sender_bank`, `sender_name`, `payment_status`, `paid_at`, `created_at`, `updated_at`) VALUES ('30', '11', '0.01', 'USD', 'ec25f6c388e37fb2af8e825e3d916d3e', 'd3dae841d2d56627fe102c5be766cb9f734615ca45aea9b210f6769ff7096368', NULL, NULL, NULL, 'paid', '2026-06-24 07:41:12', '2026-06-24 07:40:56', '2026-06-24 07:41:13');
INSERT INTO `payments` (`id`, `order_id`, `amount`, `currency`, `khqr_md5`, `transaction_id`, `sender_account`, `sender_bank`, `sender_name`, `payment_status`, `paid_at`, `created_at`, `updated_at`) VALUES ('31', '12', '0.02', 'USD', 'fcb559586e42bdcfe5fd356aeb071c74', 'cd55a804e82cc34c8fc62987995dee5388d6d837e11cd27a50278836fa7e132a', NULL, NULL, NULL, 'paid', '2026-06-24 07:42:24', '2026-06-24 07:42:06', '2026-06-24 07:42:25');
INSERT INTO `payments` (`id`, `order_id`, `amount`, `currency`, `khqr_md5`, `transaction_id`, `sender_account`, `sender_bank`, `sender_name`, `payment_status`, `paid_at`, `created_at`, `updated_at`) VALUES ('32', '13', '0.02', 'USD', '8dcbba197ef42e5c6e3557ba5b408734', '21bf673c4f26a632b97dec1828f1226e342d79c75501de0055da3981e4d2ebe0', NULL, NULL, NULL, 'paid', '2026-06-24 07:45:41', '2026-06-24 07:44:47', '2026-06-24 07:45:41');
INSERT INTO `payments` (`id`, `order_id`, `amount`, `currency`, `khqr_md5`, `transaction_id`, `sender_account`, `sender_bank`, `sender_name`, `payment_status`, `paid_at`, `created_at`, `updated_at`) VALUES ('33', '14', '0.01', 'USD', '355a459307ad82051d5c11ce8a7b8677', 'e72dfa856b92de1705f0c9a85dbfdb1a64ba0d9b164c356bd76b273f04a34e82', 'abaakhppxxx@abaa', 'ABA Bank', NULL, 'paid', '2026-06-24 08:32:37', '2026-06-24 08:32:19', '2026-06-24 08:32:37');
INSERT INTO `payments` (`id`, `order_id`, `amount`, `currency`, `khqr_md5`, `transaction_id`, `sender_account`, `sender_bank`, `sender_name`, `payment_status`, `paid_at`, `created_at`, `updated_at`) VALUES ('34', '15', '0.01', 'USD', '5674fe208f297f7f1c0fa5c5df5042d2', 'ec22887299559e77123f3fcd5b5b72e0422a0e496c7c7f159438b3b9e2a0c661', 'abaakhppxxx@abaa', 'ABA Bank', NULL, 'paid', '2026-06-24 08:47:18', '2026-06-24 08:47:03', '2026-06-24 08:47:18');
INSERT INTO `payments` (`id`, `order_id`, `amount`, `currency`, `khqr_md5`, `transaction_id`, `sender_account`, `sender_bank`, `sender_name`, `payment_status`, `paid_at`, `created_at`, `updated_at`) VALUES ('35', '16', '0.02', 'USD', '2fca28c0af7ee2309e9d5d0c6d3cc3d7', '549c4880fce9354d9a8f6b338d521032ff08bcc48c25090b2833d6b972d1cab3', 'seanghav_tuon@bkrt', 'Bakong', NULL, 'paid', '2026-06-25 04:37:44', '2026-06-25 04:37:22', '2026-06-25 04:37:44');
INSERT INTO `payments` (`id`, `order_id`, `amount`, `currency`, `khqr_md5`, `transaction_id`, `sender_account`, `sender_bank`, `sender_name`, `payment_status`, `paid_at`, `created_at`, `updated_at`) VALUES ('36', '17', '0.01', 'USD', '474a58454c7e6b110022194a5148a38d', 'MANUAL_6a3cb0cd09cbb', NULL, NULL, NULL, 'paid', '2026-06-25 04:38:37', '2026-06-25 04:38:13', '2026-06-25 04:38:37');
INSERT INTO `payments` (`id`, `order_id`, `amount`, `currency`, `khqr_md5`, `transaction_id`, `sender_account`, `sender_bank`, `sender_name`, `payment_status`, `paid_at`, `created_at`, `updated_at`) VALUES ('37', '18', '0.01', 'USD', '10b240ba3d7b6ae9b9ce0a6c64a0570f', '0ceaba60c60d0542aef0f9bfb35d1ea8b69369c3a95d2104d96b0947fe350fdb', 'abaakhppxxx@abaa', 'ABA Bank', NULL, 'paid', '2026-06-25 07:36:58', '2026-06-25 07:36:22', '2026-06-25 07:36:59');
INSERT INTO `payments` (`id`, `order_id`, `amount`, `currency`, `khqr_md5`, `transaction_id`, `sender_account`, `sender_bank`, `sender_name`, `payment_status`, `paid_at`, `created_at`, `updated_at`) VALUES ('38', '19', '0.08', 'USD', '80371b322e33e1f1c0e90ca7717c644f', 'be170db84c5720790593480ecae6d09169c9e66248f31889c20432844aca6bcc', 'abaakhppxxx@abaa', 'ABA Bank', NULL, 'paid', '2026-06-25 07:37:54', '2026-06-25 07:37:39', '2026-06-25 07:37:55');
INSERT INTO `payments` (`id`, `order_id`, `amount`, `currency`, `khqr_md5`, `transaction_id`, `sender_account`, `sender_bank`, `sender_name`, `payment_status`, `paid_at`, `created_at`, `updated_at`) VALUES ('39', '20', '0.01', 'USD', '168bd20babce36e6dce68169ba18608d', NULL, NULL, NULL, NULL, 'pending', NULL, '2026-06-30 06:25:40', '2026-06-30 06:25:40');
INSERT INTO `payments` (`id`, `order_id`, `amount`, `currency`, `khqr_md5`, `transaction_id`, `sender_account`, `sender_bank`, `sender_name`, `payment_status`, `paid_at`, `created_at`, `updated_at`) VALUES ('40', '21', '0.01', 'USD', '7afe0216ed019b2f1f8f71b72557bb66', NULL, NULL, NULL, NULL, 'pending', NULL, '2026-06-30 06:26:33', '2026-06-30 06:26:33');
INSERT INTO `payments` (`id`, `order_id`, `amount`, `currency`, `khqr_md5`, `transaction_id`, `sender_account`, `sender_bank`, `sender_name`, `payment_status`, `paid_at`, `created_at`, `updated_at`) VALUES ('41', '22', '0.01', 'USD', '5d2e65c581dc2d4b718c57883e540981', NULL, NULL, NULL, NULL, 'pending', NULL, '2026-06-30 06:34:55', '2026-06-30 06:34:55');
INSERT INTO `payments` (`id`, `order_id`, `amount`, `currency`, `khqr_md5`, `transaction_id`, `sender_account`, `sender_bank`, `sender_name`, `payment_status`, `paid_at`, `created_at`, `updated_at`) VALUES ('42', '23', '0.01', 'USD', '82d1e1eb6ce7145f76f03166e32a9c40', NULL, NULL, NULL, NULL, 'pending', NULL, '2026-06-30 06:42:41', '2026-06-30 06:42:41');
INSERT INTO `payments` (`id`, `order_id`, `amount`, `currency`, `khqr_md5`, `transaction_id`, `sender_account`, `sender_bank`, `sender_name`, `payment_status`, `paid_at`, `created_at`, `updated_at`) VALUES ('43', '24', '0.01', 'USD', 'e531d405d608a187c86f70bdcca9fde4', NULL, NULL, NULL, NULL, 'failed', NULL, '2026-06-30 07:08:04', '2026-06-30 07:18:04');
INSERT INTO `payments` (`id`, `order_id`, `amount`, `currency`, `khqr_md5`, `transaction_id`, `sender_account`, `sender_bank`, `sender_name`, `payment_status`, `paid_at`, `created_at`, `updated_at`) VALUES ('44', '25', '0.01', 'USD', '2aabc3c69d730c3255a16127ca544e19', '0bc99cb77b60222ed61fd950816aa63b985a312bf8385560bad73b81edb8cbc6', 'abaakhppxxx@abaa', 'ABA Bank', NULL, 'paid', '2026-06-30 07:25:00', '2026-06-30 07:24:39', '2026-06-30 07:25:01');
INSERT INTO `payments` (`id`, `order_id`, `amount`, `currency`, `khqr_md5`, `transaction_id`, `sender_account`, `sender_bank`, `sender_name`, `payment_status`, `paid_at`, `created_at`, `updated_at`) VALUES ('45', '26', '0.02', 'USD', '249ba2bdb331590c287eec3c5d26acf1', 'dc6132e32be88d2dd1c80477146275c94a31a7fd2db237e20208fec7bca8ee3d', 'abaakhppxxx@abaa', 'ABA Bank', NULL, 'paid', '2026-07-03 06:39:25', '2026-07-03 06:39:03', '2026-07-03 06:39:25');
INSERT INTO `payments` (`id`, `order_id`, `amount`, `currency`, `khqr_md5`, `transaction_id`, `sender_account`, `sender_bank`, `sender_name`, `payment_status`, `paid_at`, `created_at`, `updated_at`) VALUES ('46', '27', '0.03', 'USD', '8ca12e8c530f0801667ef3cfaa68414e', '93bd0d8e3b3dcdea680dbe85d3ca8b12a7052485cb14ec2b4f667cd725510b1b', 'abaakhppxxx@abaa', 'ABA Bank', NULL, 'paid', '2026-07-03 06:46:20', '2026-07-03 06:46:05', '2026-07-03 06:46:21');
INSERT INTO `payments` (`id`, `order_id`, `amount`, `currency`, `khqr_md5`, `transaction_id`, `sender_account`, `sender_bank`, `sender_name`, `payment_status`, `paid_at`, `created_at`, `updated_at`) VALUES ('47', '28', '0.06', 'USD', '440f8d5c0600a0c0982fca6829723087', '01d1c639d2acfb21b7bc884515227fe9a9172aa163d8e6e28d7dd6ee2fdc1316', 'abaakhppxxx@abaa', 'ABA Bank', NULL, 'paid', '2026-07-03 06:50:52', '2026-07-03 06:50:39', '2026-07-03 06:50:52');
INSERT INTO `payments` (`id`, `order_id`, `amount`, `currency`, `khqr_md5`, `transaction_id`, `sender_account`, `sender_bank`, `sender_name`, `payment_status`, `paid_at`, `created_at`, `updated_at`) VALUES ('48', '29', '0.06', 'USD', 'b0b8e7f82c5fb18a09d6e9fbfa855c89', NULL, NULL, NULL, NULL, 'pending', NULL, '2026-07-03 06:53:53', '2026-07-03 06:53:53');
INSERT INTO `payments` (`id`, `order_id`, `amount`, `currency`, `khqr_md5`, `transaction_id`, `sender_account`, `sender_bank`, `sender_name`, `payment_status`, `paid_at`, `created_at`, `updated_at`) VALUES ('49', '30', '0.08', 'USD', '8c11b0a2cffff385552070f696cfbcda', '85a88117a4a7873370e509b481463384c392141e27e75483003f407169eda08e', 'abaakhppxxx@abaa', 'ABA Bank', NULL, 'paid', '2026-07-03 06:58:13', '2026-07-03 06:57:57', '2026-07-03 06:58:13');
INSERT INTO `payments` (`id`, `order_id`, `amount`, `currency`, `khqr_md5`, `transaction_id`, `sender_account`, `sender_bank`, `sender_name`, `payment_status`, `paid_at`, `created_at`, `updated_at`) VALUES ('50', '31', '0.40', 'USD', '8f91e0ba9a28dd8a42f78cd728543608', NULL, NULL, NULL, NULL, 'pending', NULL, '2026-07-03 07:10:29', '2026-07-03 07:10:29');
INSERT INTO `payments` (`id`, `order_id`, `amount`, `currency`, `khqr_md5`, `transaction_id`, `sender_account`, `sender_bank`, `sender_name`, `payment_status`, `paid_at`, `created_at`, `updated_at`) VALUES ('51', '32', '0.31', 'USD', '90307fa82c1c84759cc81162a8c83289', NULL, NULL, NULL, NULL, 'pending', NULL, '2026-07-03 07:10:42', '2026-07-03 07:10:42');
INSERT INTO `payments` (`id`, `order_id`, `amount`, `currency`, `khqr_md5`, `transaction_id`, `sender_account`, `sender_bank`, `sender_name`, `payment_status`, `paid_at`, `created_at`, `updated_at`) VALUES ('52', '33', '0.17', 'USD', '83630a5d070cb540dd9915f40b57b58b', '5e8b9e47431a19cc192f868fd22b5401782722b701d1febecadbc7579aac6972', 'abaakhppxxx@abaa', 'ABA Bank', NULL, 'paid', '2026-07-03 07:11:08', '2026-07-03 07:10:59', '2026-07-03 07:11:09');
INSERT INTO `payments` (`id`, `order_id`, `amount`, `currency`, `khqr_md5`, `transaction_id`, `sender_account`, `sender_bank`, `sender_name`, `payment_status`, `paid_at`, `created_at`, `updated_at`) VALUES ('53', '34', '0.01', 'USD', 'dd0864b62739582e6b73e9a0ac556ee3', NULL, NULL, NULL, NULL, 'pending', NULL, '2026-07-03 08:45:59', '2026-07-03 08:45:59');
INSERT INTO `payments` (`id`, `order_id`, `amount`, `currency`, `khqr_md5`, `transaction_id`, `sender_account`, `sender_bank`, `sender_name`, `payment_status`, `paid_at`, `created_at`, `updated_at`) VALUES ('54', '35', '0.08', 'USD', '68e20c5b103e5c2e2e7cf1564545ceec', NULL, NULL, NULL, NULL, 'pending', NULL, '2026-07-03 08:47:19', '2026-07-03 08:47:19');
INSERT INTO `payments` (`id`, `order_id`, `amount`, `currency`, `khqr_md5`, `transaction_id`, `sender_account`, `sender_bank`, `sender_name`, `payment_status`, `paid_at`, `created_at`, `updated_at`) VALUES ('55', '36', '0.08', 'USD', '9e731294f024c60da83fe6ef8602af66', NULL, NULL, NULL, NULL, 'pending', NULL, '2026-07-03 08:48:49', '2026-07-03 08:48:49');
INSERT INTO `payments` (`id`, `order_id`, `amount`, `currency`, `khqr_md5`, `transaction_id`, `sender_account`, `sender_bank`, `sender_name`, `payment_status`, `paid_at`, `created_at`, `updated_at`) VALUES ('56', '37', '0.08', 'USD', '5b223b51616442c9a3fd7d62fbe29ae7', '22618e6dc148f02d84714139f7880b0e1f61ce5748a285880f1776fdf485df7c', 'abaakhppxxx@abaa', 'ABA Bank', NULL, 'paid', '2026-07-08 07:26:56', '2026-07-08 07:26:14', '2026-07-08 07:26:57');
INSERT INTO `payments` (`id`, `order_id`, `amount`, `currency`, `khqr_md5`, `transaction_id`, `sender_account`, `sender_bank`, `sender_name`, `payment_status`, `paid_at`, `created_at`, `updated_at`) VALUES ('57', '38', '0.01', 'USD', 'a9001010afe1fd1cc551769112a5f063', NULL, NULL, NULL, NULL, 'pending', NULL, '2026-07-11 15:46:32', '2026-07-11 15:46:32');
INSERT INTO `payments` (`id`, `order_id`, `amount`, `currency`, `khqr_md5`, `transaction_id`, `sender_account`, `sender_bank`, `sender_name`, `payment_status`, `paid_at`, `created_at`, `updated_at`) VALUES ('58', '39', '0.01', 'USD', 'e9211dce3a5cf7f60dbe99dd8a8e3adc', NULL, NULL, NULL, NULL, 'pending', NULL, '2026-07-11 15:47:03', '2026-07-11 15:47:03');
INSERT INTO `payments` (`id`, `order_id`, `amount`, `currency`, `khqr_md5`, `transaction_id`, `sender_account`, `sender_bank`, `sender_name`, `payment_status`, `paid_at`, `created_at`, `updated_at`) VALUES ('59', '40', '0.01', 'USD', '8c0c21f8c8bed8b4d90a15f4c92c6780', NULL, NULL, NULL, NULL, 'pending', NULL, '2026-07-11 15:47:15', '2026-07-11 15:47:15');
INSERT INTO `payments` (`id`, `order_id`, `amount`, `currency`, `khqr_md5`, `transaction_id`, `sender_account`, `sender_bank`, `sender_name`, `payment_status`, `paid_at`, `created_at`, `updated_at`) VALUES ('60', '41', '0.01', 'USD', '5a40b2dc3a6798f89733d41c674f2bf0', 'e85b1cc83e01291a59d5632eb16d6a0a7e2fd70bf82dd3c7bb501a826a80f6df', 'abaakhppxxx@abaa', 'ABA Bank', NULL, 'paid', '2026-07-11 15:48:16', '2026-07-11 15:48:00', '2026-07-11 15:48:18');
INSERT INTO `payments` (`id`, `order_id`, `amount`, `currency`, `khqr_md5`, `transaction_id`, `sender_account`, `sender_bank`, `sender_name`, `payment_status`, `paid_at`, `created_at`, `updated_at`) VALUES ('61', '42', '556.23', 'USD', '90f741f2c0d08e6f981503e6f40b0e9f', NULL, NULL, NULL, NULL, 'pending', NULL, '2026-07-12 08:38:57', '2026-07-12 08:38:57');
INSERT INTO `payments` (`id`, `order_id`, `amount`, `currency`, `khqr_md5`, `transaction_id`, `sender_account`, `sender_bank`, `sender_name`, `payment_status`, `paid_at`, `created_at`, `updated_at`) VALUES ('62', '43', '642.63', 'USD', '65f74ab42c46bdffdc2a72d2a4a84709', NULL, NULL, NULL, NULL, 'pending', NULL, '2026-07-12 15:37:46', '2026-07-12 15:37:46');
INSERT INTO `payments` (`id`, `order_id`, `amount`, `currency`, `khqr_md5`, `transaction_id`, `sender_account`, `sender_bank`, `sender_name`, `payment_status`, `paid_at`, `created_at`, `updated_at`) VALUES ('63', '44', '0.02', 'USD', 'acb6a89a75c447596aceb5eea02b5a73', 'ecfbb783128cd6d9e28d745c252c105af25f2a78773ef8248c1190931663493d', 'abaakhppxxx@abaa', 'ABA Bank', NULL, 'paid', '2026-07-13 08:54:03', '2026-07-13 08:53:42', '2026-07-13 08:54:04');
INSERT INTO `payments` (`id`, `order_id`, `amount`, `currency`, `khqr_md5`, `transaction_id`, `sender_account`, `sender_bank`, `sender_name`, `payment_status`, `paid_at`, `created_at`, `updated_at`) VALUES ('64', '45', '0.04', 'USD', '62850855c69c73de4cba24371f27d287', 'FORCE_CONFIRMED_6A54AD110572F', NULL, 'Manual Override', 'admin', 'paid', '2026-07-13 09:17:05', '2026-07-13 09:17:01', '2026-07-13 09:17:05');
INSERT INTO `payments` (`id`, `order_id`, `amount`, `currency`, `khqr_md5`, `transaction_id`, `sender_account`, `sender_bank`, `sender_name`, `payment_status`, `paid_at`, `created_at`, `updated_at`) VALUES ('65', '46', '86.41', 'USD', '23a8b79b88ccb96f6c58df302c8356c7', NULL, NULL, NULL, NULL, 'pending', NULL, '2026-07-13 09:21:45', '2026-07-13 09:21:45');
INSERT INTO `payments` (`id`, `order_id`, `amount`, `currency`, `khqr_md5`, `transaction_id`, `sender_account`, `sender_bank`, `sender_name`, `payment_status`, `paid_at`, `created_at`, `updated_at`) VALUES ('66', '47', '86.41', 'USD', '3dc6015c24f405a12b1c09a26aab2d6e', NULL, NULL, NULL, NULL, 'failed', NULL, '2026-07-13 09:22:56', '2026-07-14 16:24:56');
INSERT INTO `payments` (`id`, `order_id`, `amount`, `currency`, `khqr_md5`, `transaction_id`, `sender_account`, `sender_bank`, `sender_name`, `payment_status`, `paid_at`, `created_at`, `updated_at`) VALUES ('67', '48', '86.41', 'USD', '7ceb1e54ea755635a41b548897f5ceaf', 'FORCE_CONFIRMED_6A54AEACCC1DA', NULL, 'Manual Override', 'admin', 'paid', '2026-07-13 09:23:56', '2026-07-13 09:23:40', '2026-07-13 09:23:56');
INSERT INTO `payments` (`id`, `order_id`, `amount`, `currency`, `khqr_md5`, `transaction_id`, `sender_account`, `sender_bank`, `sender_name`, `payment_status`, `paid_at`, `created_at`, `updated_at`) VALUES ('68', '49', '0.01', 'USD', '73221732e9ddbeaf15597100afd88ab1', '6e5d99b4830eb214f2c9f8ad337af5801dbd9d890f8be6339c04baab7af49be7', 'abaakhppxxx@abaa', 'ABA Bank', NULL, 'paid', '2026-07-13 10:17:07', '2026-07-13 10:16:45', '2026-07-13 10:17:07');
INSERT INTO `payments` (`id`, `order_id`, `amount`, `currency`, `khqr_md5`, `transaction_id`, `sender_account`, `sender_bank`, `sender_name`, `payment_status`, `paid_at`, `created_at`, `updated_at`) VALUES ('69', '50', '0.04', 'USD', 'febad3d15cb401468c58e17b3c2d96a6', '70ffdea2c5093d7d0d27ab5bb326c99f1ffcb8c1c5004b2b3ff8c04a3d7de30e', 'abaakhppxxx@abaa', 'ABA Bank', NULL, 'paid', '2026-07-13 10:26:12', '2026-07-13 10:25:59', '2026-07-13 10:26:12');

-- Dumping data for table `settings`
TRUNCATE TABLE `settings`;

SET FOREIGN_KEY_CHECKS=1;
